sr,lat,lon
1,27.0,80.5
2,18.75,78.25
3,22.25,79.0
4,23.5,69.75
5,28.5,97.5
6,26.0,91.25
7,26.75,72.0
8,24.0,80.5
9,28.5,72.75
10,20.25,73.0
11,33.5,73.5
12,22.25,77.5
13,15.25,73.75
14,22.75,83.5
15,11.75,79.0
16,28.75,77.25
17,23.0,70.25
18,15.0,79.5
19,19.0,75.5
20,33.0,77.75
21,33.0,76.5
22,20.75,79.25
23,22.25,81.0
24,15.0,75.75
25,19.25,72.75
26,34.75,77.75
27,27.25,74.0
28,22.5,85.75
29,33.5,75.75
30,12.0,78.25
31,21.25,70.0
32,23.25,82.75
33,23.25,86.25
34,35.25,73.75
35,27.5,73.0
36,26.25,76.5
37,35.25,75.5
38,29.75,80.25
39,34.75,79.75
40,26.25,74.5
41,15.0,76.5
42,21.0,71.0
43,15.75,79.75
44,26.75,85.25
45,28.5,94.0
46,25.75,90.5
47,18.25,75.75
48,22.75,80.5
49,31.25,76.25
50,24.75,83.0
51,22.25,86.75
52,26.75,90.75
53,28.75,78.75
54,26.5,73.0
55,16.25,74.25
56,30.0,74.0
57,27.75,74.75
58,16.75,75.75
59,16.0,75.0
60,27.75,96.25
61,22.25,89.0
62,27.75,79.25
63,32.25,78.5
64,18.75,73.0
65,22.5,85.5
66,24.25,76.75
67,27.75,82.75
68,27.75,70.0
69,25.75,86.25
70,22.0,87.0
71,28.75,74.5
72,11.5,78.5
73,20.5,71.5
74,27.25,76.25
75,25.75,95.0
76,31.75,78.75
77,22.25,70.75
78,26.75,73.0
79,25.75,85.0
80,26.5,84.75
81,23.5,93.25
82,18.75,81.75
83,28.5,80.0
84,21.0,83.75
85,34.0,78.75
86,22.75,88.5
87,26.5,72.0
88,20.5,86.5
89,19.0,81.25
90,28.25,75.5
91,27.0,92.25
92,21.75,85.0
93,26.75,75.25
94,30.5,80.25
95,30.25,75.0
96,36.25,75.75
97,26.5,87.0
98,23.0,87.25
99,16.75,77.0
100,33.0,75.75
101,23.5,84.75
102,28.75,73.5
103,23.75,75.25
104,24.25,70.5
105,36.0,73.0
106,36.25,74.5
107,29.5,77.75
108,22.5,87.25
109,17.75,81.0
110,18.75,80.25
111,21.5,80.0
112,16.75,76.75
113,26.5,82.0
114,18.75,83.25
115,24.25,72.75
116,25.5,74.5
117,28.0,80.5
118,26.5,71.5
119,19.25,73.0
120,27.5,89.5
121,20.25,79.5
122,34.75,75.5
123,25.25,91.0
124,20.5,77.0
125,27.5,80.0
126,35.75,77.0
127,25.25,74.5
128,18.25,83.5
129,18.25,74.0
130,27.75,74.0
131,27.0,88.25
132,16.75,79.25
133,18.5,78.0
134,20.25,79.25
135,22.75,81.5
136,30.0,73.75
137,35.0,77.5
138,30.0,75.5
139,23.75,82.5
140,25.75,94.25
141,31.0,79.25
142,19.75,76.25
143,12.5,79.25
144,23.25,76.5
145,21.0,86.5
146,27.25,80.25
147,27.25,92.25
148,29.5,78.25
149,24.75,74.0
150,17.75,74.0
151,24.75,73.5
152,36.5,72.75
153,17.75,82.75
154,21.0,73.75
155,28.25,93.25
156,32.0,76.75
157,35.5,78.25
158,28.5,73.0
159,15.75,77.0
160,23.0,85.5
161,34.25,75.25
162,29.0,75.0
163,20.25,81.0
164,14.25,74.75
165,21.75,82.0
166,15.75,76.5
167,24.0,86.75
168,25.75,75.0
169,22.25,88.5
170,17.5,82.0
171,25.75,74.5
172,19.75,76.75
173,13.0,79.0
174,27.5,77.75
175,17.25,75.25
176,24.0,69.25
177,24.0,84.25
178,33.75,75.0
179,21.5,78.25
180,27.5,75.5
181,24.25,82.25
182,9.0,76.5
183,30.25,77.75
184,25.25,85.25
185,22.0,71.25
186,9.0,77.25
187,26.0,94.0
188,27.25,79.25
189,24.25,70.25
190,26.0,94.25
191,26.75,81.0
192,34.0,77.0
193,14.0,79.5
194,18.5,73.25
195,11.0,76.0
196,24.25,83.0
197,16.75,80.0
198,22.0,70.5
199,30.25,73.5
200,22.25,77.75
201,21.75,80.0
202,32.0,75.75
203,15.5,76.5
204,27.25,84.5
205,22.0,93.0
206,13.25,80.25
207,18.25,81.75
208,23.0,72.5
209,25.0,81.75
210,9.5,78.75
211,20.75,74.25
212,24.25,78.0
213,23.0,81.5
214,33.25,73.5
215,8.25,77.75
216,27.25,82.75
217,20.75,71.0
218,24.5,80.5
219,22.75,80.75
220,12.5,78.5
221,19.75,78.25
222,8.75,77.25
223,29.75,74.25
224,21.75,78.0
225,30.25,74.25
226,26.0,94.75
227,11.0,76.25
228,20.5,78.0
229,22.75,75.75
230,26.0,77.0
231,20.25,84.75
232,25.25,87.25
233,29.75,73.25
234,15.0,74.75
235,24.0,85.75
236,28.25,80.75
237,17.25,81.75
238,17.0,81.0
239,34.75,77.0
240,20.0,78.0
241,30.75,75.5
242,35.75,76.0
243,22.5,74.0
244,26.25,84.0
245,21.5,75.5
246,27.5,70.75
247,26.75,76.25
248,29.5,80.25
249,10.25,78.5
250,17.0,80.25
251,25.5,80.0
252,19.0,73.0
253,25.75,80.5
254,18.75,82.5
255,23.0,79.0
256,12.25,77.0
257,21.75,87.5
258,22.25,82.0
259,21.5,70.75
260,17.5,79.0
261,24.5,92.25
262,35.75,74.0
263,24.25,83.25
264,24.0,81.75
265,34.5,77.75
266,22.75,73.5
267,21.75,80.5
268,19.5,75.25
269,20.5,80.75
270,28.0,96.0
271,19.75,85.25
272,25.75,82.0
273,22.5,76.75
274,17.25,76.0
275,21.75,81.0
276,26.25,91.0
277,17.25,78.5
278,24.25,72.5
279,14.5,77.0
280,22.75,78.5
281,35.5,73.5
282,31.5,78.75
283,19.0,82.0
284,28.0,95.75
285,34.0,73.5
286,29.25,80.0
287,9.5,78.0
288,30.0,75.25
289,32.75,74.75
290,14.25,75.5
291,24.25,70.0
292,27.25,75.5
293,22.75,69.75
294,21.0,71.25
295,15.25,75.0
296,22.25,83.5
297,25.0,75.0
298,17.25,77.25
299,17.5,73.75
300,23.25,86.5
301,19.0,83.5
302,31.25,78.25
303,28.5,94.25
304,34.0,78.25
305,23.25,81.0
306,17.0,77.25
307,24.5,86.5
308,20.75,84.25
309,18.0,82.5
310,24.75,93.75
311,31.0,74.25
312,13.5,76.75
313,15.5,80.0
314,22.5,70.5
315,16.25,75.25
316,22.5,72.5
317,22.75,85.25
318,28.25,88.5
319,21.5,85.0
320,17.0,82.25
321,26.5,94.75
322,19.0,74.0
323,21.5,80.5
324,28.25,95.5
325,26.0,73.25
326,26.25,90.25
327,15.75,78.0
328,14.25,75.25
329,23.75,74.5
330,19.5,77.75
331,26.0,79.75
332,24.75,81.5
333,35.75,73.5
334,26.75,94.25
335,12.0,79.75
336,21.5,69.5
337,19.75,84.5
338,24.5,77.0
339,29.25,75.0
340,30.75,76.25
341,20.5,76.5
342,23.0,92.75
343,23.0,86.5
344,18.25,74.5
345,20.75,74.5
346,26.5,82.25
347,21.25,77.5
348,33.25,74.75
349,35.75,79.25
350,24.5,87.0
351,10.0,77.0
352,20.75,76.0
353,22.0,81.75
354,23.75,69.25
355,21.5,81.25
356,15.0,77.25
357,26.75,71.25
358,17.0,80.0
359,23.0,80.0
360,29.75,76.25
361,13.75,76.75
362,29.25,74.75
363,26.5,88.0
364,28.5,91.5
365,16.5,80.25
366,21.75,71.5
367,28.75,76.5
368,25.25,91.25
369,18.25,77.5
370,24.75,93.0
371,30.5,77.75
372,28.25,96.5
373,16.25,78.25
374,25.25,72.25
375,25.0,88.25
376,29.5,73.5
377,10.5,76.0
378,19.5,75.75
379,25.5,78.75
380,26.5,72.75
381,26.25,94.25
382,19.5,81.75
383,25.25,82.75
384,25.0,81.25
385,15.5,79.0
386,36.0,74.5
387,26.5,89.5
388,24.25,79.0
389,24.75,94.5
390,22.5,79.25
391,25.5,92.75
392,22.75,75.25
393,23.5,73.0
394,28.0,96.75
395,24.75,78.25
396,26.75,77.0
397,27.25,83.5
398,22.5,74.5
399,15.5,73.5
400,17.75,82.0
401,27.25,79.5
402,14.0,75.5
403,26.25,77.75
404,23.5,68.5
405,10.5,78.25
406,27.5,81.25
407,18.0,80.0
408,21.25,82.25
409,29.25,94.25
410,11.75,75.75
411,25.25,93.25
412,31.75,75.5
413,16.75,77.5
414,26.0,92.75
415,36.0,78.75
416,28.5,95.5
417,23.75,73.5
418,12.0,79.5
419,23.5,93.0
420,20.75,81.75
421,16.25,75.5
422,34.25,75.5
423,18.25,76.25
424,16.75,76.25
425,21.75,69.25
426,22.5,84.25
427,34.25,77.5
428,23.75,85.5
429,15.0,76.25
430,21.75,82.25
431,28.0,79.75
432,17.5,80.5
433,19.0,77.25
434,21.25,84.75
435,35.0,76.75
436,30.75,78.25
437,33.75,77.75
438,26.5,83.25
439,17.75,82.5
440,33.25,75.75
441,23.25,74.75
442,21.5,73.25
443,13.25,79.25
444,28.5,79.0
445,36.0,75.75
446,27.5,75.25
447,27.25,97.0
448,34.5,74.5
449,19.5,73.0
450,27.0,95.25
451,26.25,74.0
452,18.75,84.25
453,22.5,71.5
454,27.0,85.5
455,29.0,77.25
456,27.75,75.5
457,22.0,81.25
458,37.0,75.25
459,28.25,75.0
460,28.75,79.0
461,24.75,72.25
462,22.5,80.75
463,26.5,95.0
464,24.0,78.5
465,22.75,88.75
466,25.5,73.0
467,24.75,78.5
468,14.25,75.75
469,18.0,79.75
470,26.5,80.5
471,20.25,86.25
472,36.25,75.5
473,26.75,79.5
474,26.25,89.75
475,21.5,85.5
476,18.0,77.25
477,20.0,79.0
478,25.0,77.5
479,14.25,78.0
480,20.5,79.25
481,26.5,92.75
482,17.0,76.75
483,27.25,82.25
484,25.75,84.25
485,14.5,76.5
486,25.0,79.25
487,19.25,76.25
488,26.75,89.5
489,25.5,90.0
490,19.75,73.25
491,23.75,91.5
492,18.25,78.75
493,19.25,79.0
494,22.0,81.0
495,24.75,86.25
496,25.5,90.5
497,22.75,76.25
498,21.75,87.75
499,30.0,74.5
500,25.5,79.25
501,27.25,93.75
502,19.0,72.75
503,23.5,75.25
504,21.0,73.0
505,29.25,76.75
506,29.75,76.0
507,30.75,76.5
508,27.25,82.5
509,22.0,75.75
510,19.5,82.5
511,25.5,70.75
512,17.25,75.5
513,20.5,74.0
514,27.0,83.5
515,19.25,75.75
516,24.5,73.0
517,16.5,74.75
518,19.0,76.0
519,32.75,76.5
520,20.0,82.25
521,22.25,74.0
522,20.25,80.25
523,23.0,76.75
524,20.75,79.75
525,26.5,79.25
526,22.25,80.0
527,22.0,69.75
528,28.0,78.0
529,29.25,79.25
530,19.5,79.0
531,13.5,79.5
532,23.0,74.0
533,24.5,91.75
534,27.0,93.25
535,16.25,80.0
536,16.75,73.5
537,23.25,80.75
538,10.0,77.75
539,24.75,94.25
540,25.25,79.0
541,20.25,86.5
542,27.0,74.5
543,19.5,74.75
544,23.5,82.75
545,34.0,76.0
546,10.75,79.0
547,22.0,88.0
548,32.5,78.75
549,23.5,72.75
550,30.25,74.0
551,32.0,75.0
552,25.5,83.25
553,35.5,75.75
554,26.25,83.75
555,33.5,77.0
556,14.5,75.25
557,21.75,77.75
558,20.75,79.0
559,31.25,76.75
560,17.75,73.25
561,21.5,74.0
562,34.25,77.75
563,15.5,80.5
564,14.25,76.75
565,23.0,79.5
566,20.75,73.75
567,25.75,73.0
568,15.25,74.5
569,23.5,74.75
570,24.0,85.5
571,18.25,82.5
572,12.0,76.25
573,26.25,81.75
574,22.0,83.0
575,27.75,88.5
576,22.5,85.0
577,23.0,81.75
578,23.5,75.0
579,23.25,85.0
580,34.5,75.25
581,25.5,72.25
582,28.0,96.25
583,23.75,78.25
584,9.5,77.75
585,19.25,76.75
586,27.75,77.0
587,18.75,79.25
588,26.5,73.25
589,32.75,76.75
590,28.25,79.5
591,13.5,77.0
592,21.25,78.5
593,23.25,88.0
594,23.75,71.25
595,27.5,93.5
596,16.0,76.25
597,25.75,92.75
598,36.0,75.0
599,27.0,79.25
600,15.0,76.75
601,26.0,75.0
602,22.25,76.5
603,23.75,82.25
604,12.75,79.75
605,26.25,84.75
606,27.5,83.75
607,16.25,77.5
608,25.0,81.5
609,22.25,72.25
610,30.0,78.5
611,26.5,79.5
612,28.25,96.25
613,25.75,75.5
614,27.0,94.75
615,24.5,80.25
616,18.75,77.25
617,10.0,76.25
618,23.5,84.25
619,23.0,92.5
620,26.25,73.75
621,25.75,80.0
622,13.75,79.25
623,14.5,77.25
624,23.0,69.0
625,19.25,82.75
626,17.5,82.75
627,24.0,79.25
628,35.5,76.5
629,33.5,76.0
630,25.0,93.0
631,21.25,71.75
632,20.0,81.5
633,27.0,89.25
634,16.0,81.0
635,17.25,81.0
636,21.75,71.75
637,35.75,76.25
638,17.0,79.0
639,28.5,92.5
640,23.25,78.75
641,16.25,79.0
642,28.25,80.25
643,26.0,73.75
644,33.0,79.0
645,23.0,68.75
646,35.0,78.75
647,28.25,97.25
648,14.25,80.0
649,25.5,94.0
650,19.25,78.75
651,28.5,79.5
652,20.25,80.0
653,34.75,75.75
654,14.25,78.75
655,18.0,76.5
656,27.25,76.75
657,20.25,81.75
658,17.5,73.25
659,33.25,74.0
660,19.0,77.5
661,14.0,78.25
662,34.5,78.5
663,23.75,70.75
664,16.25,79.25
665,24.75,74.75
666,10.5,77.25
667,24.25,87.0
668,22.5,88.75
669,24.25,86.0
670,16.0,77.75
671,24.0,82.75
672,22.5,80.5
673,27.0,93.5
674,24.25,86.75
675,21.5,74.25
676,17.25,80.25
677,31.0,80.0
678,17.75,76.5
679,27.75,70.75
680,20.25,75.75
681,12.5,78.25
682,19.0,76.75
683,28.0,92.5
684,21.75,84.0
685,27.75,72.5
686,25.25,77.25
687,25.75,92.0
688,22.25,86.25
689,25.5,87.5
690,36.25,72.5
691,29.0,75.75
692,13.75,78.5
693,24.0,70.25
694,27.75,76.5
695,34.0,75.0
696,27.25,72.0
697,25.0,73.25
698,19.0,84.0
699,22.5,72.25
700,22.0,73.5
701,24.25,85.5
702,26.0,76.25
703,24.0,80.0
704,19.75,84.25
705,21.25,73.0
706,33.5,75.0
707,28.0,77.0
708,25.75,90.25
709,18.0,79.0
710,26.5,90.0
711,26.5,93.0
712,22.25,83.25
713,31.75,78.5
714,14.25,76.5
715,22.5,89.0
716,26.0,73.5
717,33.25,78.0
718,13.5,74.75
719,27.0,93.0
720,27.75,88.25
721,23.25,78.5
722,25.0,92.5
723,30.25,75.25
724,16.25,75.0
725,29.25,80.25
726,25.0,83.5
727,27.0,76.75
728,29.25,96.25
729,11.5,75.75
730,12.5,80.0
731,21.5,75.0
732,36.5,73.5
733,17.5,79.25
734,24.75,79.75
735,26.25,82.25
736,17.0,79.5
737,36.25,72.75
738,24.5,79.5
739,27.25,96.0
740,14.5,79.5
741,18.5,80.75
742,11.75,77.75
743,9.75,76.5
744,21.5,72.75
745,34.25,78.5
746,13.75,75.75
747,23.75,68.25
748,24.5,94.0
749,28.75,80.5
750,27.5,73.75
751,20.75,80.5
752,24.75,76.0
753,22.25,80.75
754,20.75,80.75
755,20.0,81.75
756,21.25,71.0
757,24.75,71.25
758,35.5,74.0
759,34.25,78.75
760,35.5,76.25
761,24.0,83.5
762,30.5,78.5
763,24.0,88.25
764,11.75,78.75
765,34.25,74.5
766,14.5,74.25
767,21.5,74.75
768,31.75,76.25
769,27.25,92.75
770,21.0,80.25
771,12.75,77.0
772,21.25,80.25
773,26.0,74.75
774,25.0,74.5
775,22.0,78.25
776,10.0,78.75
777,26.25,93.5
778,12.25,77.75
779,22.75,72.5
780,25.0,84.75
781,33.75,78.25
782,24.5,77.25
783,19.5,76.25
784,23.25,75.75
785,13.25,76.25
786,29.75,80.0
787,24.0,87.25
788,15.0,77.0
789,20.5,85.5
790,32.5,77.0
791,30.25,79.25
792,16.0,79.5
793,19.5,82.0
794,28.0,88.25
795,8.25,77.0
796,27.5,79.25
797,26.0,71.5
798,20.5,82.25
799,27.25,92.5
800,29.0,75.5
801,12.25,76.25
802,24.5,80.75
803,30.0,74.75
804,28.75,93.25
805,28.75,78.0
806,26.25,75.25
807,19.0,84.5
808,21.5,83.75
809,24.0,79.75
810,17.25,73.75
811,16.75,80.75
812,27.25,69.5
813,22.25,92.75
814,36.25,74.75
815,23.0,88.25
816,24.5,77.75
817,24.25,73.25
818,20.75,86.75
819,25.75,70.75
820,24.25,69.5
821,27.0,92.75
822,22.75,76.5
823,27.0,79.75
824,24.0,82.25
825,25.75,93.0
826,16.25,73.25
827,24.5,68.5
828,23.25,83.25
829,24.0,86.25
830,26.75,73.25
831,26.0,79.5
832,22.75,70.75
833,20.0,82.0
834,15.75,80.0
835,20.5,73.5
836,25.25,91.5
837,31.75,75.75
838,27.0,94.5
839,26.75,91.75
840,26.25,71.25
841,19.25,79.75
842,23.25,71.0
843,17.75,74.5
844,23.25,79.0
845,15.0,75.0
846,19.25,77.75
847,28.0,77.25
848,32.75,79.25
849,14.5,76.0
850,18.25,83.25
851,9.75,76.25
852,21.75,80.25
853,27.25,94.0
854,27.5,94.75
855,23.5,69.25
856,29.0,95.0
857,24.75,85.75
858,24.0,77.0
859,28.75,77.75
860,10.75,77.75
861,26.0,77.5
862,26.0,86.5
863,23.5,77.75
864,23.5,91.75
865,20.0,74.0
866,11.5,72.5
867,33.5,78.25
868,25.75,73.5
869,15.25,76.0
870,25.0,79.5
871,27.0,84.0
872,19.5,84.5
873,20.5,83.75
874,14.0,75.75
875,24.25,78.25
876,27.25,75.0
877,32.5,79.5
878,12.25,77.25
879,27.0,77.25
880,23.0,70.0
881,27.0,91.5
882,21.5,75.25
883,18.0,83.0
884,22.25,80.5
885,31.5,76.25
886,19.75,77.25
887,30.25,76.75
888,21.5,73.5
889,14.0,77.5
890,10.75,78.75
891,27.5,92.0
892,28.25,78.0
893,26.5,71.0
894,28.75,75.0
895,24.5,76.25
896,20.0,79.5
897,25.0,82.25
898,18.75,73.75
899,26.25,89.5
900,20.25,75.0
901,27.25,74.75
902,12.25,77.5
903,26.75,94.5
904,32.5,77.25
905,21.25,74.25
906,23.5,73.75
907,11.0,77.0
908,23.0,81.0
909,20.5,72.75
910,25.25,83.5
911,13.25,75.75
912,23.25,84.75
913,17.0,78.5
914,22.25,78.25
915,16.5,82.0
916,25.25,90.5
917,16.5,75.75
918,30.25,78.0
919,11.5,78.75
920,18.25,74.25
921,29.0,72.25
922,17.0,78.25
923,27.0,90.25
924,22.75,72.75
925,23.0,74.5
926,10.5,77.0
927,24.75,73.25
928,37.0,75.5
929,23.5,79.75
930,20.75,77.25
931,30.5,74.5
932,33.25,79.0
933,23.0,85.75
934,21.0,76.5
935,29.25,73.25
936,22.0,82.0
937,18.25,76.75
938,35.25,74.75
939,23.0,88.0
940,25.75,82.25
941,26.0,72.25
942,18.25,75.5
943,22.0,80.0
944,29.75,73.5
945,21.25,81.5
946,29.0,77.0
947,20.0,73.25
948,31.5,77.25
949,24.75,83.75
950,28.5,96.75
951,25.0,78.5
952,29.0,77.5
953,20.0,76.75
954,22.75,73.0
955,35.0,77.0
956,27.5,78.5
957,34.75,76.25
958,19.75,81.5
959,28.0,95.5
960,23.0,81.25
961,15.0,75.25
962,10.25,78.75
963,33.0,76.0
964,35.75,78.75
965,27.25,94.75
966,22.25,85.25
967,30.25,80.0
968,19.0,74.25
969,8.5,78.5
970,25.75,70.5
971,20.5,83.5
972,23.75,84.5
973,23.25,77.5
974,26.0,74.5
975,24.0,92.25
976,23.25,82.0
977,25.0,72.0
978,17.0,74.25
979,24.5,83.5
980,34.75,79.25
981,22.25,72.75
982,11.25,76.25
983,17.5,74.75
984,28.0,76.25
985,18.5,79.0
986,22.25,71.75
987,26.25,75.0
988,23.5,85.25
989,22.0,69.5
990,26.75,88.75
991,17.5,81.5
992,22.75,70.0
993,27.25,73.25
994,35.0,75.0
995,14.25,77.5
996,20.75,81.25
997,25.25,88.25
998,23.75,72.0
999,28.0,73.0
1000,27.0,94.0
1001,29.25,96.0
1002,26.75,85.0
1003,27.75,96.0
1004,26.5,75.0
1005,25.75,79.25
1006,26.5,89.25
1007,23.0,82.25
1008,27.25,71.0
1009,18.5,80.25
1010,20.0,75.75
1011,25.75,78.75
1012,26.0,81.75
1013,12.0,79.25
1014,25.75,87.25
1015,19.5,76.75
1016,29.0,73.0
1017,28.5,75.25
1018,24.25,73.5
1019,19.75,83.75
1020,25.25,86.5
1021,24.0,81.25
1022,32.25,77.0
1023,23.5,92.75
1024,26.0,81.5
1025,22.25,78.75
1026,27.75,93.25
1027,20.25,75.25
1028,21.25,84.5
1029,24.0,81.0
1030,25.5,90.75
1031,21.0,74.75
1032,12.5,77.75
1033,23.75,72.25
1034,21.0,81.25
1035,22.75,78.75
1036,36.5,75.25
1037,36.5,76.0
1038,23.0,75.75
1039,15.5,73.75
1040,24.25,77.0
1041,20.0,85.25
1042,34.75,73.5
1043,26.5,74.75
1044,20.5,84.25
1045,35.5,76.0
1046,21.75,77.25
1047,21.5,86.25
1048,32.25,76.0
1049,12.75,77.75
1050,30.0,78.0
1051,35.0,76.25
1052,35.25,77.75
1053,21.0,70.75
1054,15.5,75.5
1055,12.75,74.75
1056,27.5,91.5
1057,10.0,76.75
1058,24.0,77.5
1059,28.0,80.0
1060,26.0,78.25
1061,19.75,75.0
1062,23.25,69.0
1063,18.0,81.0
1064,21.75,71.25
1065,14.0,77.75
1066,34.5,79.5
1067,24.0,77.25
1068,21.75,72.0
1069,32.5,79.0
1070,20.25,84.25
1071,11.5,79.0
1072,31.5,79.0
1073,12.25,78.0
1074,31.5,75.25
1075,20.5,78.5
1076,26.5,94.25
1077,32.75,78.0
1078,18.75,82.25
1079,21.75,83.25
1080,22.75,82.5
1081,13.0,75.5
1082,22.5,71.25
1083,36.75,73.25
1084,35.0,78.0
1085,14.25,79.75
1086,32.5,76.0
1087,25.25,94.0
1088,23.25,87.25
1089,20.75,79.5
1090,26.5,91.0
1091,15.25,77.0
1092,9.25,78.75
1093,24.0,72.75
1094,20.75,78.0
1095,27.5,94.0
1096,24.75,92.5
1097,21.5,78.0
1098,21.5,69.75
1099,24.75,94.0
1100,21.25,83.25
1101,20.5,86.25
1102,17.75,79.5
1103,30.0,76.75
1104,21.5,75.75
1105,22.0,82.75
1106,23.75,84.75
1107,23.0,69.5
1108,16.25,75.75
1109,23.75,71.0
1110,14.75,78.75
1111,26.25,92.75
1112,12.75,78.25
1113,18.25,78.0
1114,21.5,80.25
1115,18.25,83.0
1116,28.0,88.0
1117,23.25,81.5
1118,35.25,78.75
1119,21.5,87.5
1120,27.0,88.5
1121,26.75,69.75
1122,26.75,70.75
1123,23.75,69.0
1124,21.75,73.5
1125,22.0,74.5
1126,21.0,83.5
1127,26.5,81.0
1128,25.75,83.5
1129,26.5,81.5
1130,20.25,85.25
1131,21.5,76.25
1132,22.75,73.75
1133,36.5,75.75
1134,27.5,84.25
1135,18.0,76.25
1136,12.5,79.75
1137,20.0,77.0
1138,16.5,78.25
1139,24.5,74.75
1140,26.25,82.75
1141,13.5,76.5
1142,29.25,76.5
1143,27.25,81.0
1144,16.5,82.5
1145,36.0,72.5
1146,32.25,75.5
1147,21.75,88.0
1148,11.5,76.75
1149,28.25,80.0
1150,21.25,82.5
1151,29.25,79.0
1152,26.5,88.75
1153,26.5,85.25
1154,34.75,76.5
1155,11.25,76.5
1156,35.0,74.75
1157,16.5,73.75
1158,25.5,77.0
1159,25.5,76.0
1160,25.5,88.25
1161,10.75,75.75
1162,26.0,75.75
1163,25.5,71.5
1164,16.75,77.75
1165,26.0,86.75
1166,24.0,91.5
1167,29.0,95.5
1168,18.75,76.75
1169,13.5,76.0
1170,26.75,86.25
1171,25.25,81.0
1172,22.0,78.5
1173,30.0,80.5
1174,22.5,87.75
1175,14.75,77.5
1176,19.0,84.25
1177,16.25,79.5
1178,26.0,85.25
1179,28.0,77.5
1180,17.25,74.75
1181,22.5,87.0
1182,16.25,79.75
1183,16.5,77.75
1184,11.5,76.0
1185,24.75,82.5
1186,18.5,76.25
1187,18.0,75.25
1188,36.25,75.25
1189,23.0,69.75
1190,20.0,77.75
1191,26.25,92.25
1192,11.0,78.25
1193,33.75,75.75
1194,18.5,81.25
1195,23.5,79.0
1196,24.0,74.25
1197,22.25,88.25
1198,27.75,80.25
1199,23.5,73.5
1200,11.75,76.25
1201,30.5,73.75
1202,27.25,78.5
1203,26.75,76.5
1204,16.0,74.5
1205,27.0,71.75
1206,26.25,86.5
1207,8.5,73.5
1208,8.5,78.0
1209,27.5,96.25
1210,25.0,87.75
1211,17.0,77.5
1212,27.5,81.75
1213,22.25,83.0
1214,23.25,85.5
1215,18.75,75.25
1216,28.5,95.25
1217,26.5,95.5
1218,15.0,78.5
1219,24.75,87.0
1220,15.75,73.75
1221,17.5,81.25
1222,19.0,80.5
1223,26.0,71.75
1224,21.0,70.5
1225,28.0,93.25
1226,29.25,95.25
1227,35.75,75.75
1228,21.5,82.25
1229,24.75,82.0
1230,25.25,87.0
1231,21.75,75.75
1232,17.25,80.0
1233,22.5,86.5
1234,30.75,78.5
1235,23.0,87.0
1236,24.5,87.25
1237,18.25,82.25
1238,25.75,85.25
1239,11.5,77.75
1240,35.0,78.5
1241,26.75,77.5
1242,15.25,80.0
1243,24.0,92.75
1244,10.75,78.0
1245,31.0,78.0
1246,30.5,79.0
1247,22.0,81.5
1248,28.0,72.0
1249,26.25,77.25
1250,30.75,79.0
1251,10.75,78.5
1252,30.5,74.25
1253,17.75,77.5
1254,21.75,70.25
1255,32.5,76.5
1256,27.5,79.5
1257,22.25,87.75
1258,14.75,76.0
1259,19.75,79.25
1260,9.5,92.5
1261,23.5,83.0
1262,34.25,75.0
1263,23.25,80.5
1264,24.5,91.5
1265,23.25,70.0
1266,22.25,71.5
1267,32.75,79.0
1268,25.75,85.5
1269,18.0,78.75
1270,24.5,72.5
1271,19.25,82.25
1272,25.25,92.0
1273,31.0,79.5
1274,27.0,77.5
1275,27.0,71.0
1276,29.75,77.5
1277,23.75,93.25
1278,30.25,76.0
1279,32.75,78.75
1280,27.75,95.0
1281,27.0,74.75
1282,33.25,77.5
1283,14.5,80.0
1284,12.75,76.0
1285,22.25,82.75
1286,34.25,77.25
1287,22.5,78.25
1288,24.0,75.75
1289,27.0,81.5
1290,24.75,75.75
1291,20.75,78.75
1292,18.5,75.0
1293,27.0,85.0
1294,22.5,76.5
1295,10.75,79.25
1296,22.5,85.25
1297,20.0,82.5
1298,24.0,92.0
1299,24.25,77.75
1300,18.0,79.5
1301,20.75,74.0
1302,12.25,78.75
1303,25.0,83.25
1304,18.25,73.25
1305,22.75,76.75
1306,34.5,77.25
1307,21.0,75.0
1308,23.5,92.5
1309,18.5,83.5
1310,26.0,95.0
1311,36.5,73.75
1312,27.5,88.5
1313,18.75,84.0
1314,33.5,78.5
1315,21.0,79.5
1316,28.0,91.5
1317,23.5,79.25
1318,22.25,79.75
1319,15.25,79.25
1320,22.0,72.25
1321,17.5,81.75
1322,23.75,77.25
1323,23.0,80.5
1324,26.25,73.0
1325,21.5,79.5
1326,23.25,82.25
1327,27.0,88.75
1328,25.5,82.25
1329,24.5,73.5
1330,23.25,76.75
1331,25.25,88.0
1332,29.5,94.5
1333,35.5,77.25
1334,27.5,71.25
1335,24.0,79.0
1336,19.75,82.5
1337,25.25,84.5
1338,26.5,93.25
1339,22.0,72.75
1340,28.75,80.25
1341,33.25,74.25
1342,34.25,76.25
1343,25.25,71.75
1344,28.75,75.5
1345,28.25,95.75
1346,13.5,78.25
1347,28.0,72.25
1348,25.5,84.25
1349,15.5,75.0
1350,34.5,77.0
1351,28.25,76.25
1352,20.25,78.0
1353,23.25,87.75
1354,35.25,78.0
1355,10.25,77.25
1356,24.75,84.25
1357,33.25,77.75
1358,17.75,74.25
1359,18.25,81.5
1360,21.5,82.0
1361,14.0,78.0
1362,24.25,74.5
1363,25.75,83.0
1364,35.25,75.0
1365,29.25,74.0
1366,27.25,79.0
1367,23.75,87.75
1368,34.0,75.75
1369,27.0,90.5
1370,25.5,71.0
1371,21.5,71.25
1372,28.75,72.25
1373,24.75,71.5
1374,21.25,85.25
1375,10.5,79.5
1376,27.25,96.75
1377,16.5,73.5
1378,26.75,93.0
1379,26.25,74.75
1380,24.5,78.0
1381,18.5,75.25
1382,22.0,79.25
1383,10.0,78.0
1384,28.0,88.75
1385,12.75,78.75
1386,17.25,73.25
1387,23.5,88.5
1388,25.0,85.0
1389,36.0,76.25
1390,12.25,79.5
1391,27.25,84.75
1392,24.25,74.75
1393,23.5,83.5
1394,28.0,82.25
1395,23.25,72.0
1396,28.75,76.0
1397,22.0,77.0
1398,8.5,77.5
1399,23.25,73.75
1400,13.75,79.5
1401,26.25,78.75
1402,27.0,75.25
1403,16.25,80.75
1404,26.0,91.0
1405,25.5,74.25
1406,23.25,72.75
1407,28.0,93.0
1408,27.25,77.25
1409,21.0,77.0
1410,24.25,79.75
1411,19.75,82.75
1412,29.0,95.25
1413,35.75,78.0
1414,29.25,72.75
1415,14.0,76.25
1416,20.25,77.0
1417,20.25,81.5
1418,15.5,78.25
1419,35.75,79.75
1420,27.0,80.75
1421,24.0,83.0
1422,30.75,80.25
1423,22.0,77.25
1424,18.25,79.0
1425,18.0,76.0
1426,20.5,74.5
1427,20.25,81.25
1428,27.0,93.75
1429,23.0,71.25
1430,23.75,82.0
1431,34.5,75.0
1432,24.0,78.75
1433,22.5,87.5
1434,18.0,73.25
1435,30.0,79.0
1436,24.25,78.75
1437,35.25,74.0
1438,27.25,92.0
1439,34.75,76.0
1440,20.75,82.25
1441,16.75,81.25
1442,28.25,94.25
1443,30.0,75.0
1444,33.75,77.25
1445,19.75,75.5
1446,18.75,78.0
1447,30.0,77.25
1448,15.75,75.0
1449,35.75,74.5
1450,26.25,92.5
1451,10.25,79.0
1452,29.0,79.25
1453,21.5,85.25
1454,28.5,76.5
1455,23.75,83.0
1456,21.5,81.5
1457,23.0,78.75
1458,27.25,77.5
1459,26.0,75.25
1460,16.0,79.75
1461,17.5,74.25
1462,31.5,74.75
1463,25.0,84.0
1464,20.5,76.75
1465,25.75,81.75
1466,27.0,74.25
1467,27.75,81.25
1468,26.75,70.25
1469,28.75,93.75
1470,21.75,71.0
1471,32.25,77.5
1472,17.25,81.25
1473,18.25,75.0
1474,22.25,78.5
1475,26.25,84.25
1476,21.75,83.0
1477,16.75,73.75
1478,30.25,80.5
1479,27.0,83.0
1480,24.0,73.5
1481,21.75,69.75
1482,23.0,72.25
1483,26.5,76.5
1484,28.25,94.0
1485,36.5,74.5
1486,23.25,87.0
1487,26.75,92.0
1488,19.25,77.0
1489,33.75,73.5
1490,22.25,81.5
1491,27.75,94.0
1492,24.0,91.25
1493,9.0,78.0
1494,21.5,72.0
1495,22.0,84.5
1496,9.5,76.25
1497,25.5,93.5
1498,14.5,77.75
1499,18.0,80.75
1500,25.25,81.75
1501,22.5,82.0
1502,27.5,95.25
1503,27.5,96.5
1504,9.25,77.25
1505,30.75,74.0
1506,31.25,75.5
1507,28.0,75.25
1508,33.25,77.0
1509,25.75,80.75
1510,21.25,85.75
1511,28.0,94.0
1512,28.5,81.25
1513,24.5,82.75
1514,23.0,73.5
1515,25.25,76.75
1516,13.0,79.75
1517,29.25,76.0
1518,11.75,78.5
1519,24.5,87.5
1520,25.5,90.25
1521,33.0,77.25
1522,22.75,74.5
1523,19.75,81.0
1524,27.25,70.0
1525,28.0,81.25
1526,28.75,77.0
1527,26.5,78.5
1528,19.5,81.5
1529,19.75,72.75
1530,26.75,82.5
1531,31.0,75.25
1532,37.25,75.25
1533,22.25,77.0
1534,20.0,78.25
1535,23.25,74.5
1536,16.5,78.5
1537,19.5,76.0
1538,28.25,73.25
1539,35.0,74.25
1540,26.25,78.5
1541,13.0,77.0
1542,23.0,73.75
1543,27.0,76.25
1544,25.0,94.25
1545,26.5,93.5
1546,15.5,75.75
1547,15.25,75.25
1548,14.75,78.0
1549,30.5,78.0
1550,18.75,79.5
1551,25.25,87.5
1552,9.5,77.25
1553,14.25,76.25
1554,24.0,71.5
1555,16.25,74.5
1556,23.0,82.0
1557,12.0,76.5
1558,20.25,82.25
1559,29.0,77.75
1560,22.75,79.75
1561,27.75,72.0
1562,20.25,83.5
1563,27.75,73.75
1564,25.5,92.25
1565,26.25,87.0
1566,22.75,85.0
1567,28.5,73.5
1568,30.75,80.0
1569,28.75,79.75
1570,26.25,88.0
1571,13.5,80.25
1572,23.0,70.5
1573,12.5,79.0
1574,27.0,70.75
1575,24.75,85.25
1576,24.75,71.75
1577,23.75,85.25
1578,26.5,83.0
1579,22.0,89.0
1580,24.0,85.25
1581,22.25,76.0
1582,18.0,81.75
1583,23.5,81.25
1584,32.75,75.25
1585,25.0,76.75
1586,19.0,78.75
1587,26.75,81.75
1588,22.75,72.25
1589,20.25,76.75
1590,24.5,75.25
1591,33.25,76.0
1592,19.0,74.5
1593,19.0,75.0
1594,21.0,82.75
1595,18.0,74.75
1596,26.0,93.25
1597,15.25,78.5
1598,21.75,81.75
1599,11.25,79.25
1600,16.75,81.5
1601,26.75,82.25
1602,22.5,79.75
1603,34.25,76.5
1604,22.25,87.25
1605,26.5,81.25
1606,27.5,80.5
1607,11.75,77.0
1608,32.0,76.25
1609,26.25,81.25
1610,29.5,95.75
1611,21.75,72.25
1612,26.0,92.0
1613,11.25,77.25
1614,27.0,95.0
1615,23.5,71.5
1616,28.5,94.75
1617,27.25,72.5
1618,27.5,70.0
1619,36.0,79.25
1620,24.25,81.75
1621,15.75,77.75
1622,25.0,74.0
1623,20.25,82.5
1624,28.0,71.25
1625,28.75,78.5
1626,24.0,73.25
1627,28.25,93.0
1628,26.0,76.5
1629,19.5,74.25
1630,21.0,76.0
1631,22.25,84.5
1632,21.25,72.0
1633,13.5,76.25
1634,25.5,73.5
1635,25.25,92.5
1636,27.75,88.75
1637,29.75,74.5
1638,19.75,78.5
1639,24.25,81.0
1640,19.25,78.25
1641,27.25,83.0
1642,24.5,88.25
1643,34.75,77.25
1644,24.75,84.75
1645,20.75,82.5
1646,35.0,78.25
1647,19.0,78.5
1648,20.75,86.0
1649,30.5,75.5
1650,25.0,74.75
1651,13.75,75.25
1652,24.0,93.25
1653,24.75,74.25
1654,16.5,80.5
1655,27.0,72.0
1656,37.25,74.75
1657,27.5,93.75
1658,23.5,70.5
1659,24.5,94.5
1660,19.0,75.75
1661,19.75,74.5
1662,23.75,84.0
1663,33.5,75.5
1664,22.25,75.75
1665,22.75,85.5
1666,21.25,86.0
1667,31.25,77.5
1668,22.5,78.5
1669,21.25,81.75
1670,33.5,78.0
1671,24.0,76.25
1672,24.25,87.25
1673,23.75,79.5
1674,22.75,87.75
1675,37.0,74.5
1676,33.5,73.75
1677,21.25,82.75
1678,28.5,80.25
1679,23.25,70.25
1680,31.0,75.5
1681,23.25,78.0
1682,29.25,94.5
1683,28.0,80.25
1684,26.25,79.5
1685,22.25,85.0
1686,12.0,76.75
1687,30.0,75.75
1688,18.5,79.75
1689,25.5,81.0
1690,25.0,80.0
1691,8.5,77.25
1692,26.0,84.0
1693,24.25,76.5
1694,28.0,76.75
1695,27.75,81.75
1696,36.25,75.0
1697,15.5,77.75
1698,23.5,80.75
1699,20.25,78.5
1700,24.5,81.25
1701,13.75,74.5
1702,28.5,78.25
1703,17.25,80.5
1704,8.5,77.75
1705,20.0,82.75
1706,31.75,77.75
1707,29.0,94.0
1708,21.25,77.75
1709,34.75,75.25
1710,24.75,77.75
1711,17.0,81.25
1712,17.0,77.0
1713,36.75,75.0
1714,26.25,93.25
1715,27.75,79.0
1716,24.25,77.25
1717,14.75,74.75
1718,26.75,88.5
1719,27.25,75.25
1720,22.75,81.25
1721,17.5,78.0
1722,18.5,75.5
1723,12.25,79.0
1724,18.5,76.5
1725,26.25,83.0
1726,19.0,76.25
1727,29.0,78.75
1728,19.75,73.75
1729,19.25,78.0
1730,16.5,76.75
1731,10.5,79.25
1732,19.5,83.0
1733,25.5,85.0
1734,27.75,73.0
1735,28.75,80.0
1736,13.75,77.0
1737,22.25,93.0
1738,12.25,76.75
1739,28.5,94.5
1740,20.5,76.25
1741,29.5,77.5
1742,17.75,73.0
1743,29.5,79.5
1744,35.75,80.0
1745,26.25,94.0
1746,28.0,73.75
1747,29.75,73.75
1748,19.75,76.0
1749,24.25,71.0
1750,23.5,70.25
1751,26.5,91.5
1752,26.5,88.25
1753,27.75,94.5
1754,17.5,76.25
1755,18.25,83.75
1756,24.75,77.5
1757,19.25,84.0
1758,26.25,94.75
1759,24.25,82.0
1760,19.25,75.0
1761,20.25,83.0
1762,36.5,75.5
1763,23.75,92.5
1764,28.0,78.5
1765,22.5,78.0
1766,29.25,77.25
1767,25.25,82.5
1768,11.75,76.5
1769,26.25,86.25
1770,24.5,73.25
1771,24.75,78.75
1772,25.0,75.25
1773,13.0,77.5
1774,20.25,85.75
1775,30.5,73.5
1776,16.5,73.25
1777,25.75,88.0
1778,13.0,77.25
1779,20.75,75.0
1780,24.25,80.0
1781,20.75,85.0
1782,25.5,86.75
1783,21.75,78.25
1784,18.5,76.75
1785,23.0,74.25
1786,22.0,73.25
1787,21.0,86.75
1788,33.5,74.25
1789,14.75,77.25
1790,18.75,73.25
1791,31.5,75.0
1792,25.25,85.75
1793,24.5,79.0
1794,18.5,78.25
1795,19.0,81.5
1796,27.0,70.25
1797,10.75,76.75
1798,29.0,72.5
1799,24.75,81.0
1800,23.75,88.25
1801,29.5,80.5
1802,12.0,75.25
1803,17.0,78.0
1804,31.75,76.0
1805,27.75,76.25
1806,26.0,79.0
1807,17.25,77.5
1808,27.5,69.5
1809,24.25,87.75
1810,28.75,95.5
1811,23.0,77.25
1812,22.75,77.25
1813,27.0,75.0
1814,27.5,82.75
1815,27.75,94.75
1816,12.25,79.75
1817,23.5,80.25
1818,27.5,69.75
1819,17.75,76.75
1820,35.25,79.25
1821,21.0,85.75
1822,32.0,75.25
1823,24.25,80.5
1824,22.0,87.25
1825,28.75,73.0
1826,28.75,94.5
1827,28.25,92.75
1828,24.75,76.75
1829,10.5,78.0
1830,24.25,73.75
1831,36.75,73.5
1832,21.0,85.0
1833,13.5,74.5
1834,23.75,80.0
1835,26.0,76.0
1836,23.0,79.25
1837,10.0,77.5
1838,21.25,70.75
1839,24.25,87.5
1840,29.5,78.75
1841,25.5,74.75
1842,24.25,69.75
1843,24.25,77.5
1844,21.25,70.5
1845,29.0,79.5
1846,15.25,74.75
1847,14.0,76.0
1848,18.75,74.5
1849,15.25,74.25
1850,30.5,75.0
1851,22.75,84.75
1852,18.75,81.5
1853,21.75,78.5
1854,11.0,77.75
1855,22.75,81.75
1856,20.5,77.25
1857,24.25,74.25
1858,28.25,74.5
1859,23.5,80.0
1860,33.5,74.75
1861,25.5,93.0
1862,19.75,80.75
1863,36.75,73.75
1864,25.0,72.25
1865,19.25,79.5
1866,23.0,83.5
1867,34.75,73.75
1868,13.25,75.25
1869,23.0,79.75
1870,24.0,93.5
1871,23.5,92.25
1872,22.0,73.0
1873,36.0,79.75
1874,16.5,75.0
1875,23.75,86.75
1876,35.5,76.75
1877,18.75,80.5
1878,28.5,88.5
1879,34.0,77.5
1880,24.0,76.5
1881,9.5,79.0
1882,16.25,80.5
1883,28.25,92.5
1884,31.25,75.75
1885,25.75,83.75
1886,10.25,77.75
1887,24.0,88.0
1888,20.5,75.5
1889,28.25,74.0
1890,27.5,91.75
1891,26.5,77.75
1892,30.75,74.75
1893,23.5,71.0
1894,28.25,72.25
1895,19.0,78.25
1896,25.5,76.25
1897,33.25,76.75
1898,35.25,76.5
1899,19.25,84.75
1900,22.5,77.25
1901,22.25,74.25
1902,17.75,79.75
1903,8.75,76.75
1904,19.0,83.25
1905,29.0,94.25
1906,15.75,74.5
1907,22.5,88.5
1908,24.5,81.75
1909,25.25,79.5
1910,9.5,78.5
1911,36.0,73.5
1912,30.0,77.75
1913,25.75,72.0
1914,15.25,76.75
1915,16.5,74.5
1916,28.0,72.5
1917,29.0,95.75
1918,34.5,73.25
1919,25.25,79.25
1920,27.75,82.25
1921,28.0,78.25
1922,25.5,75.5
1923,18.5,81.0
1924,27.25,95.0
1925,22.5,92.75
1926,22.25,73.25
1927,15.25,77.25
1928,29.25,79.75
1929,22.0,84.0
1930,14.0,74.75
1931,9.5,77.0
1932,23.0,88.5
1933,27.25,75.75
1934,27.5,84.5
1935,17.25,79.25
1936,19.25,83.0
1937,32.5,76.75
1938,27.5,76.75
1939,36.5,72.5
1940,26.25,76.0
1941,8.75,76.5
1942,20.25,78.75
1943,29.5,74.25
1944,25.5,87.0
1945,31.75,77.5
1946,30.0,73.25
1947,23.75,77.0
1948,19.0,80.0
1949,27.5,96.0
1950,24.75,86.5
1951,12.5,79.5
1952,27.75,78.5
1953,16.0,74.0
1954,10.75,79.75
1955,18.5,72.5
1956,17.75,74.75
1957,24.5,70.25
1958,22.75,78.25
1959,25.5,87.25
1960,27.5,95.75
1961,26.75,70.0
1962,27.75,94.25
1963,28.0,77.75
1964,23.25,87.5
1965,14.75,76.75
1966,22.0,79.75
1967,17.0,76.5
1968,32.75,77.5
1969,26.0,92.5
1970,17.5,83.5
1971,16.25,81.0
1972,17.75,78.0
1973,11.25,79.75
1974,19.25,76.5
1975,15.75,76.25
1976,21.0,86.25
1977,24.0,84.0
1978,26.5,75.25
1979,16.75,78.5
1980,23.5,88.75
1981,12.5,75.5
1982,23.75,86.5
1983,18.75,72.75
1984,22.5,69.5
1985,22.5,75.5
1986,31.75,77.0
1987,11.0,78.5
1988,21.0,74.0
1989,24.75,80.75
1990,22.0,76.75
1991,22.5,84.5
1992,27.0,76.0
1993,28.5,78.0
1994,23.75,81.75
1995,24.0,87.75
1996,14.75,75.0
1997,27.5,83.5
1998,16.5,77.25
1999,26.0,81.25
2000,29.5,77.0
2001,26.25,70.75
2002,11.5,76.25
2003,23.75,74.25
2004,28.5,93.75
2005,12.5,77.0
2006,23.5,69.0
2007,23.0,75.25
2008,30.25,76.25
2009,14.25,77.0
2010,27.75,75.25
2011,22.75,92.5
2012,20.25,74.0
2013,29.0,76.25
2014,16.25,76.75
2015,23.5,68.75
2016,27.25,83.25
2017,21.5,70.25
2018,23.75,86.0
2019,18.5,82.25
2020,35.75,73.25
2021,27.75,78.25
2022,25.25,78.25
2023,31.5,77.75
2024,12.5,75.25
2025,20.75,86.25
2026,20.25,74.25
2027,13.5,79.25
2028,24.25,85.0
2029,35.75,74.75
2030,24.0,71.0
2031,26.0,86.0
2032,28.5,95.0
2033,23.5,82.25
2034,21.5,78.75
2035,26.75,95.25
2036,28.25,81.5
2037,29.75,73.0
2038,24.5,79.75
2039,22.0,87.75
2040,29.25,73.5
2041,24.0,93.75
2042,25.0,74.25
2043,24.25,92.0
2044,22.5,81.0
2045,19.25,73.25
2046,19.0,83.75
2047,35.5,75.5
2048,23.75,91.75
2049,30.25,80.75
2050,27.25,72.75
2051,29.5,76.75
2052,13.75,80.0
2053,21.75,74.5
2054,13.25,76.0
2055,30.5,74.75
2056,31.75,77.25
2057,22.75,86.25
2058,34.25,78.0
2059,19.75,75.25
2060,17.75,75.5
2061,18.75,75.75
2062,25.75,75.25
2063,16.75,75.5
2064,25.75,92.5
2065,22.75,80.0
2066,34.25,77.0
2067,24.25,84.5
2068,17.25,77.0
2069,10.5,79.0
2070,16.5,81.75
2071,11.25,79.0
2072,24.75,93.25
2073,22.0,86.5
2074,23.25,92.5
2075,16.0,78.75
2076,23.75,75.0
2077,31.0,76.75
2078,25.5,73.75
2079,24.5,76.0
2080,25.0,80.5
2081,18.5,80.5
2082,25.25,84.25
2083,19.0,79.5
2084,26.25,88.25
2085,18.25,82.0
2086,26.0,87.5
2087,11.5,77.5
2088,20.5,70.5
2089,17.5,79.5
2090,30.0,80.25
2091,23.0,80.75
2092,12.5,77.25
2093,26.0,82.5
2094,26.25,79.25
2095,26.75,90.0
2096,22.25,85.5
2097,13.0,76.25
2098,10.25,78.0
2099,33.5,77.75
2100,9.25,76.25
2101,12.0,75.5
2102,25.5,80.75
2103,23.75,75.75
2104,23.5,82.5
2105,25.75,83.25
2106,27.25,77.75
2107,23.75,93.0
2108,20.0,76.25
2109,25.75,91.0
2110,23.25,69.25
2111,29.0,73.75
2112,20.75,76.5
2113,33.0,79.5
2114,23.0,77.5
2115,27.0,75.75
2116,22.0,80.75
2117,26.75,80.0
2118,33.0,77.5
2119,29.5,78.0
2120,36.75,73.0
2121,17.75,73.75
2122,21.75,74.75
2123,23.25,88.75
2124,19.75,76.5
2125,16.5,74.25
2126,18.75,81.0
2127,25.5,83.5
2128,31.5,77.5
2129,14.75,79.5
2130,27.0,73.75
2131,22.0,82.5
2132,28.5,96.25
2133,23.25,75.5
2134,23.5,85.5
2135,21.75,82.75
2136,35.5,78.75
2137,25.25,71.5
2138,21.25,84.25
2139,19.5,80.25
2140,19.25,74.5
2141,26.75,79.25
2142,28.25,77.75
2143,21.25,83.0
2144,12.75,77.5
2145,26.5,70.25
2146,28.5,77.75
2147,14.0,78.75
2148,27.0,91.25
2149,22.0,74.25
2150,35.0,74.0
2151,24.75,75.5
2152,17.5,77.5
2153,23.5,81.5
2154,16.25,77.75
2155,28.5,70.5
2156,26.5,79.0
2157,28.75,77.5
2158,16.0,78.0
2159,25.75,93.75
2160,26.5,70.5
2161,19.75,77.0
2162,25.75,86.0
2163,11.75,76.0
2164,16.5,79.25
2165,26.75,93.5
2166,27.0,82.0
2167,24.25,88.25
2168,21.0,75.5
2169,27.0,85.25
2170,22.25,74.5
2171,33.5,79.0
2172,28.5,95.75
2173,21.0,77.5
2174,22.25,69.75
2175,12.0,76.0
2176,21.5,86.0
2177,20.0,85.5
2178,22.5,77.75
2179,27.5,82.0
2180,21.0,79.0
2181,20.0,73.75
2182,28.5,73.25
2183,34.5,76.0
2184,23.25,80.0
2185,18.25,73.75
2186,25.5,72.0
2187,18.0,83.5
2188,28.0,76.0
2189,26.5,92.5
2190,24.25,88.5
2191,14.25,77.75
2192,13.75,75.5
2193,14.5,80.5
2194,26.75,71.75
2195,20.0,72.5
2196,22.25,70.25
2197,27.75,70.5
2198,22.0,78.0
2199,12.25,75.5
2200,35.0,75.5
2201,17.5,78.75
2202,21.75,77.0
2203,25.75,77.0
2204,32.0,77.75
2205,27.5,80.75
2206,16.0,80.25
2207,23.25,91.5
2208,36.0,74.75
2209,19.25,74.0
2210,24.25,93.75
2211,26.25,90.5
2212,20.75,75.75
2213,26.75,78.0
2214,27.0,84.75
2215,12.75,77.25
2216,12.0,75.75
2217,25.25,90.75
2218,23.25,84.25
2219,35.75,74.25
2220,19.5,77.0
2221,21.5,84.75
2222,24.0,82.5
2223,10.25,77.5
2224,22.0,83.75
2225,21.25,83.5
2226,20.75,76.25
2227,24.25,78.5
2228,28.75,94.75
2229,24.5,76.5
2230,27.75,96.75
2231,19.75,79.75
2232,24.25,86.25
2233,26.75,93.25
2234,28.75,74.0
2235,30.25,75.5
2236,28.5,75.5
2237,28.5,72.25
2238,19.5,73.25
2239,13.75,78.75
2240,22.0,79.5
2241,26.5,91.75
2242,26.75,73.5
2243,32.5,74.5
2244,19.0,75.25
2245,31.75,78.0
2246,26.25,75.75
2247,16.5,81.25
2248,24.25,71.5
2249,12.75,75.5
2250,28.25,94.5
2251,18.75,83.75
2252,33.75,75.5
2253,22.5,73.25
2254,28.5,74.0
2255,32.0,78.25
2256,18.0,78.0
2257,19.5,78.25
2258,22.0,88.75
2259,25.75,77.5
2260,19.25,80.75
2261,17.0,79.25
2262,24.25,81.5
2263,23.75,79.75
2264,31.25,76.5
2265,17.5,81.0
2266,33.25,74.5
2267,12.75,79.25
2268,26.75,92.25
2269,25.0,77.75
2270,10.75,76.5
2271,28.5,81.5
2272,15.5,78.0
2273,24.75,79.5
2274,24.25,79.5
2275,16.75,74.5
2276,24.25,91.75
2277,11.0,77.25
2278,16.75,74.25
2279,33.0,74.5
2280,12.0,77.5
2281,15.0,79.0
2282,22.25,71.25
2283,26.0,93.5
2284,33.25,78.25
2285,25.75,77.25
2286,25.25,92.25
2287,19.75,74.75
2288,27.0,89.5
2289,22.0,76.25
2290,31.0,77.25
2291,24.75,83.5
2292,16.75,73.25
2293,25.5,82.75
2294,22.25,80.25
2295,22.75,83.75
2296,28.0,71.0
2297,19.75,78.75
2298,33.75,74.75
2299,15.25,77.75
2300,11.0,77.5
2301,30.0,79.5
2302,34.75,74.25
2303,18.0,77.0
2304,20.75,86.5
2305,29.5,96.25
2306,24.25,69.25
2307,25.0,80.75
2308,19.0,73.5
2309,33.0,73.75
2310,21.0,84.75
2311,19.25,81.75
2312,28.5,74.5
2313,27.25,71.5
2314,31.5,77.0
2315,28.25,88.75
2316,15.75,78.75
2317,10.25,78.25
2318,21.75,75.5
2319,24.75,87.75
2320,15.5,78.75
2321,27.75,73.25
2322,27.0,82.5
2323,31.25,75.0
2324,10.5,76.5
2325,23.0,72.0
2326,27.75,70.25
2327,22.0,84.25
2328,25.0,87.5
2329,23.5,85.75
2330,25.5,77.5
2331,20.75,81.0
2332,24.0,77.75
2333,26.75,86.0
2334,20.25,73.25
2335,28.5,77.25
2336,18.25,80.0
2337,28.5,74.25
2338,15.25,76.25
2339,28.5,76.25
2340,23.25,69.5
2341,23.5,87.0
2342,27.25,70.5
2343,36.5,73.25
2344,24.5,82.25
2345,23.0,87.75
2346,18.25,78.25
2347,27.0,78.75
2348,25.0,82.75
2349,36.0,78.5
2350,36.0,73.75
2351,21.5,81.75
2352,12.25,79.25
2353,36.25,73.0
2354,22.5,83.5
2355,29.75,78.75
2356,25.75,84.75
2357,15.5,74.75
2358,22.75,86.5
2359,25.25,77.0
2360,24.75,72.0
2361,30.25,75.75
2362,20.75,77.5
2363,22.25,86.0
2364,32.25,78.0
2365,30.0,78.75
2366,28.0,75.75
2367,36.5,73.0
2368,19.0,73.75
2369,33.0,76.25
2370,31.5,76.5
2371,22.5,81.25
2372,26.0,78.5
2373,34.0,77.25
2374,22.0,83.25
2375,11.0,79.0
2376,24.5,68.75
2377,26.5,72.25
2378,28.75,76.75
2379,15.0,77.5
2380,28.25,79.0
2381,22.5,80.25
2382,17.25,79.0
2383,30.75,77.5
2384,27.25,84.0
2385,21.25,76.75
2386,23.25,72.5
2387,31.0,77.5
2388,30.0,76.5
2389,21.75,83.5
2390,18.0,77.5
2391,25.5,77.25
2392,24.5,71.75
2393,17.0,81.5
2394,25.5,78.5
2395,20.5,81.25
2396,18.5,74.25
2397,19.0,74.75
2398,20.75,84.75
2399,25.75,85.75
2400,13.75,78.0
2401,18.5,72.75
2402,26.5,77.25
2403,19.5,79.75
2404,35.25,80.0
2405,25.25,94.25
2406,26.75,73.75
2407,27.75,73.5
2408,19.0,81.0
2409,10.5,76.25
2410,28.0,74.75
2411,20.5,85.0
2412,26.5,85.5
2413,32.5,77.5
2414,24.75,93.5
2415,21.0,81.75
2416,25.25,72.0
2417,20.5,73.25
2418,26.5,83.75
2419,21.5,84.25
2420,34.5,73.5
2421,35.75,76.5
2422,37.0,74.75
2423,31.0,76.5
2424,20.75,83.75
2425,18.0,73.5
2426,13.25,77.5
2427,33.25,79.25
2428,23.0,84.25
2429,26.0,89.5
2430,17.5,78.5
2431,27.0,95.5
2432,37.0,74.25
2433,32.75,74.5
2434,23.25,79.75
2435,25.0,82.0
2436,28.5,97.0
2437,22.75,74.75
2438,21.5,79.0
2439,26.75,72.5
2440,33.75,77.5
2441,24.5,77.5
2442,23.25,68.75
2443,26.5,91.25
2444,28.25,95.0
2445,20.75,75.5
2446,17.25,75.75
2447,17.75,79.0
2448,24.25,84.25
2449,28.0,93.75
2450,31.5,75.5
2451,20.5,75.75
2452,27.25,71.25
2453,21.25,76.5
2454,10.0,79.0
2455,19.5,83.5
2456,21.0,80.75
2457,23.25,75.0
2458,20.75,74.75
2459,29.75,79.25
2460,9.75,77.25
2461,11.75,79.25
2462,15.0,74.0
2463,35.0,77.75
2464,19.5,80.0
2465,29.0,94.75
2466,16.75,80.5
2467,11.5,79.25
2468,11.5,77.25
2469,20.5,74.25
2470,21.5,71.0
2471,14.5,74.75
2472,21.25,80.0
2473,26.5,75.75
2474,12.75,76.75
2475,24.25,94.0
2476,23.75,68.75
2477,27.0,81.0
2478,25.25,71.0
2479,17.25,82.5
2480,29.5,75.75
2481,18.75,78.5
2482,27.5,95.0
2483,19.75,80.5
2484,15.0,78.25
2485,10.75,77.25
2486,10.0,78.25
2487,27.5,71.5
2488,15.0,76.0
2489,28.25,77.0
2490,26.75,85.5
2491,32.75,77.25
2492,23.0,76.25
2493,26.25,91.5
2494,20.5,79.5
2495,34.5,78.25
2496,31.75,76.75
2497,30.25,78.75
2498,30.5,75.25
2499,22.0,88.25
2500,33.25,75.5
2501,32.0,78.5
2502,33.75,74.25
2503,26.5,94.5
2504,35.5,79.25
2505,26.0,87.25
2506,21.25,80.5
2507,24.0,71.25
2508,22.25,82.25
2509,22.0,69.25
2510,25.75,92.25
2511,28.5,93.5
2512,11.25,77.0
2513,23.5,79.5
2514,37.25,75.0
2515,21.5,78.5
2516,21.0,73.5
2517,18.5,78.5
2518,25.25,83.25
2519,23.75,80.75
2520,10.5,79.75
2521,25.75,87.0
2522,26.25,70.0
2523,27.5,70.5
2524,26.5,79.75
2525,14.25,75.0
2526,24.75,83.25
2527,20.75,70.75
2528,31.5,78.25
2529,19.25,82.0
2530,26.0,74.25
2531,23.0,88.75
2532,17.0,74.75
2533,14.75,79.75
2534,32.25,77.75
2535,23.25,83.0
2536,21.75,69.5
2537,35.75,78.5
2538,21.5,88.5
2539,36.0,77.0
2540,26.0,91.5
2541,18.0,80.25
2542,20.5,72.5
2543,22.5,73.75
2544,22.0,69.0
2545,29.0,72.75
2546,29.25,95.0
2547,18.0,80.5
2548,32.75,78.25
2549,20.5,78.25
2550,36.0,79.5
2551,20.25,75.5
2552,24.5,86.25
2553,23.0,87.5
2554,19.0,81.75
2555,20.5,86.75
2556,35.25,75.25
2557,26.25,89.0
2558,35.25,79.0
2559,28.75,93.5
2560,20.75,85.25
2561,32.75,77.0
2562,27.5,83.25
2563,13.0,79.25
2564,21.25,85.0
2565,29.5,76.5
2566,18.75,76.25
2567,25.75,72.75
2568,20.75,82.75
2569,27.25,73.75
2570,24.5,78.5
2571,28.75,95.75
2572,25.25,93.0
2573,24.25,84.75
2574,25.75,91.25
2575,25.75,74.25
2576,24.0,73.0
2577,25.75,93.25
2578,24.25,85.25
2579,23.75,78.0
2580,29.25,77.75
2581,22.5,86.75
2582,19.5,84.25
2583,26.5,82.75
2584,24.5,75.5
2585,23.5,69.5
2586,25.25,79.75
2587,33.0,75.0
2588,22.75,86.0
2589,25.25,77.75
2590,26.75,83.5
2591,20.5,83.0
2592,23.0,70.75
2593,26.25,86.0
2594,26.75,80.75
2595,19.5,83.25
2596,25.0,77.25
2597,28.25,76.75
2598,28.25,72.0
2599,35.0,79.25
2600,22.0,74.75
2601,16.0,77.5
2602,31.0,75.0
2603,22.5,69.0
2604,22.25,78.0
2605,22.0,70.25
2606,25.0,93.75
2607,13.75,77.25
2608,15.25,78.75
2609,23.5,76.5
2610,20.0,77.25
2611,21.25,73.25
2612,35.25,79.5
2613,14.75,75.5
2614,26.25,79.75
2615,27.0,84.5
2616,28.5,80.75
2617,24.5,84.25
2618,30.5,80.5
2619,34.25,79.0
2620,28.75,95.25
2621,16.75,79.75
2622,12.5,77.5
2623,24.25,74.0
2624,36.75,74.0
2625,29.25,74.5
2626,16.75,77.25
2627,26.75,77.75
2628,13.5,79.75
2629,18.25,77.25
2630,8.25,77.25
2631,27.25,88.5
2632,25.25,74.75
2633,10.75,77.5
2634,29.0,76.75
2635,29.75,78.25
2636,35.5,75.25
2637,27.75,93.75
2638,21.75,81.5
2639,18.25,78.5
2640,29.75,77.75
2641,33.0,75.25
2642,15.5,74.5
2643,25.0,79.75
2644,34.25,76.0
2645,13.25,78.25
2646,19.5,78.0
2647,22.5,88.25
2648,11.0,76.75
2649,22.5,84.0
2650,30.5,79.5
2651,32.5,78.25
2652,28.0,94.25
2653,28.75,73.25
2654,26.25,87.75
2655,25.0,84.5
2656,24.0,75.25
2657,22.25,73.0
2658,7.5,94.5
2659,28.5,76.75
2660,24.0,80.25
2661,24.25,84.0
2662,21.75,73.0
2663,10.0,78.5
2664,16.25,78.75
2665,32.25,78.25
2666,27.5,73.5
2667,28.25,96.75
2668,23.25,86.0
2669,24.25,91.5
2670,27.75,75.75
2671,25.75,78.25
2672,29.5,96.0
2673,33.25,75.0
2674,26.75,85.75
2675,22.75,79.25
2676,13.5,78.0
2677,12.75,75.25
2678,19.5,79.25
2679,24.5,86.0
2680,21.0,79.75
2681,16.0,77.25
2682,24.75,72.5
2683,27.75,91.75
2684,24.0,86.5
2685,27.0,83.75
2686,23.25,69.75
2687,22.75,82.0
2688,25.75,86.5
2689,11.75,78.25
2690,21.25,74.75
2691,26.75,84.75
2692,26.25,71.75
2693,23.25,91.75
2694,24.0,72.0
2695,30.75,74.25
2696,24.0,71.75
2697,23.25,77.75
2698,22.75,84.0
2699,25.5,89.75
2700,29.25,77.0
2701,24.75,75.0
2702,23.0,84.5
2703,28.75,79.25
2704,27.25,78.25
2705,14.75,79.0
2706,17.75,79.25
2707,29.25,95.75
2708,21.25,75.25
2709,24.0,69.0
2710,19.0,82.25
2711,30.5,76.0
2712,10.25,77.0
2713,27.5,77.25
2714,22.0,70.0
2715,21.5,84.0
2716,21.75,70.75
2717,21.0,82.25
2718,23.25,93.25
2719,34.75,73.25
2720,21.75,79.25
2721,19.5,76.5
2722,26.25,82.0
2723,32.0,76.0
2724,26.25,72.0
2725,16.75,75.0
2726,33.5,79.5
2727,25.5,85.25
2728,22.75,92.75
2729,26.75,84.0
2730,34.5,74.25
2731,25.0,93.5
2732,20.5,82.0
2733,28.75,72.5
2734,14.25,79.0
2735,33.75,78.0
2736,21.0,70.25
2737,23.5,80.5
2738,25.75,84.5
2739,16.0,76.0
2740,9.75,77.0
2741,25.0,85.5
2742,31.25,79.0
2743,21.25,75.5
2744,26.0,82.75
2745,25.25,73.5
2746,26.25,80.5
2747,27.0,79.5
2748,31.75,75.0
2749,29.0,79.0
2750,26.75,81.25
2751,22.5,83.0
2752,23.0,83.75
2753,26.75,88.25
2754,19.75,85.5
2755,22.75,71.25
2756,19.75,81.75
2757,15.75,73.5
2758,23.75,87.5
2759,27.0,73.5
2760,11.5,79.75
2761,29.5,75.25
2762,15.75,74.75
2763,28.25,74.25
2764,28.75,74.75
2765,26.0,82.25
2766,25.25,73.0
2767,25.75,76.0
2768,21.0,73.25
2769,16.25,78.5
2770,34.75,80.0
2771,23.25,81.75
2772,19.75,79.0
2773,25.0,71.5
2774,32.0,76.5
2775,14.75,77.75
2776,16.0,79.0
2777,30.25,77.5
2778,25.75,74.0
2779,16.25,80.25
2780,34.75,78.75
2781,18.25,82.75
2782,17.25,78.0
2783,26.75,89.25
2784,26.0,72.0
2785,14.25,74.5
2786,21.75,89.0
2787,23.75,74.0
2788,25.0,78.0
2789,21.25,71.25
2790,26.0,71.25
2791,24.75,86.0
2792,27.75,75.0
2793,8.75,77.5
2794,36.0,74.0
2795,23.75,82.75
2796,20.5,81.0
2797,15.25,78.0
2798,25.5,86.5
2799,24.5,84.75
2800,13.5,77.75
2801,26.5,80.75
2802,35.0,76.0
2803,25.5,85.75
2804,35.0,76.5
2805,28.0,73.25
2806,18.75,79.75
2807,22.5,80.0
2808,13.0,74.75
2809,25.5,75.0
2810,25.25,87.75
2811,25.5,78.0
2812,32.0,75.5
2813,20.25,82.0
2814,22.5,86.0
2815,28.25,81.25
2816,26.75,76.0
2817,17.75,83.25
2818,23.5,83.25
2819,26.0,76.75
2820,20.25,77.25
2821,21.5,76.75
2822,29.0,74.5
2823,23.0,74.75
2824,14.75,74.5
2825,28.0,95.0
2826,10.5,78.5
2827,28.25,93.5
2828,27.75,78.0
2829,32.5,78.0
2830,21.75,75.0
2831,29.75,78.0
2832,17.0,74.5
2833,32.0,78.0
2834,21.5,83.0
2835,34.0,79.0
2836,23.75,81.5
2837,21.25,71.5
2838,27.75,93.0
2839,22.75,75.5
2840,17.5,76.5
2841,22.0,72.0
2842,22.5,72.75
2843,26.5,84.25
2844,17.5,74.5
2845,11.5,92.5
2846,21.0,79.25
2847,26.0,82.0
2848,31.0,76.0
2849,30.75,78.0
2850,26.25,81.0
2851,18.5,83.75
2852,26.75,69.5
2853,30.0,76.25
2854,18.75,77.75
2855,20.75,85.75
2856,8.75,77.0
2857,22.75,84.5
2858,25.25,81.5
2859,21.75,77.5
2860,29.75,78.5
2861,25.25,80.25
2862,15.5,77.0
2863,18.75,76.5
2864,22.5,70.0
2865,25.0,84.25
2866,28.5,77.0
2867,16.75,79.0
2868,24.25,79.25
2869,18.75,76.0
2870,9.75,78.75
2871,25.25,88.75
2872,19.25,79.25
2873,11.0,79.5
2874,36.5,75.0
2875,22.75,71.0
2876,22.0,76.0
2877,28.75,78.25
2878,29.0,94.5
2879,23.75,73.75
2880,27.25,88.75
2881,24.5,72.0
2882,16.5,76.5
2883,33.5,74.5
2884,26.25,76.25
2885,33.25,78.75
2886,20.25,76.0
2887,19.75,77.5
2888,26.0,83.25
2889,10.0,76.0
2890,12.0,77.0
2891,20.75,76.75
2892,23.75,81.25
2893,30.25,74.5
2894,27.25,71.75
2895,29.0,76.0
2896,20.0,84.5
2897,25.25,83.0
2898,22.0,87.5
2899,21.25,73.5
2900,19.75,82.25
2901,33.75,76.0
2902,23.0,93.0
2903,23.75,92.75
2904,27.5,76.5
2905,26.75,94.0
2906,17.75,77.0
2907,24.5,78.25
2908,26.25,93.0
2909,34.5,78.75
2910,25.5,88.75
2911,33.25,73.75
2912,25.75,82.75
2913,33.75,79.0
2914,19.75,77.75
2915,22.5,82.5
2916,13.75,76.25
2917,32.25,76.75
2918,27.25,81.25
2919,28.5,76.0
2920,25.0,72.75
2921,23.0,86.25
2922,16.0,80.75
2923,20.0,86.0
2924,14.0,75.25
2925,21.5,72.5
2926,29.25,76.25
2927,15.25,76.5
2928,16.25,74.75
2929,17.5,77.75
2930,21.0,80.0
2931,17.25,76.5
2932,25.75,90.0
2933,22.25,84.75
2934,15.0,78.0
2935,27.5,94.25
2936,23.25,80.25
2937,12.5,74.5
2938,14.0,79.75
2939,26.25,78.25
2940,26.75,94.75
2941,28.0,80.75
2942,17.75,76.25
2943,27.75,78.75
2944,29.5,74.75
2945,28.25,76.0
2946,16.5,77.5
2947,22.5,76.0
2948,25.5,81.75
2949,26.75,84.5
2950,9.5,79.5
2951,10.5,92.5
2952,31.5,75.75
2953,27.0,76.5
2954,26.0,79.25
2955,12.75,76.25
2956,11.0,79.25
2957,25.0,75.5
2958,25.5,80.5
2959,23.5,77.25
2960,26.0,86.25
2961,32.25,75.25
2962,26.25,82.5
2963,16.75,81.0
2964,24.75,80.0
2965,25.5,82.5
2966,24.0,80.75
2967,20.75,75.25
2968,26.5,92.0
2969,17.0,74.0
2970,13.25,78.0
2971,21.5,86.75
2972,27.75,82.5
2973,18.5,80.0
2974,26.25,83.25
2975,19.0,79.0
2976,28.5,72.0
2977,25.0,87.0
2978,25.0,70.75
2979,17.75,81.5
2980,33.75,78.75
2981,27.0,88.0
2982,25.0,72.5
2983,18.5,81.5
2984,28.75,79.5
2985,34.5,78.0
2986,23.75,76.0
2987,14.5,75.5
2988,26.0,70.75
2989,36.25,73.25
2990,29.0,78.25
2991,25.5,88.0
2992,17.75,82.25
2993,18.5,83.25
2994,26.5,94.0
2995,15.0,80.0
2996,18.25,80.5
2997,10.5,76.75
2998,31.75,78.25
2999,30.5,79.75
3000,15.25,75.5
3001,23.5,74.25
3002,24.75,84.0
3003,27.0,71.5
3004,25.75,82.5
3005,20.5,85.25
3006,25.0,86.5
3007,16.5,79.75
3008,27.5,77.5
3009,34.25,73.75
3010,13.0,78.5
3011,24.5,71.25
3012,25.5,76.5
3013,21.0,75.25
3014,21.25,72.75
3015,27.0,92.0
3016,28.0,79.0
3017,29.25,78.0
3018,30.75,75.75
3019,21.0,78.5
3020,18.75,75.0
3021,17.75,73.5
3022,16.75,78.0
3023,21.25,79.25
3024,26.25,84.5
3025,11.25,78.5
3026,24.75,85.0
3027,22.5,93.0
3028,27.5,83.0
3029,26.5,74.5
3030,20.25,80.5
3031,26.25,74.25
3032,19.25,75.5
3033,26.0,84.25
3034,29.0,73.5
3035,23.75,77.75
3036,37.25,74.5
3037,31.5,76.75
3038,22.5,72.0
3039,24.5,85.25
3040,36.0,80.0
3041,22.75,86.75
3042,30.5,77.5
3043,14.0,79.0
3044,26.5,83.5
3045,21.0,71.5
3046,22.75,88.25
3047,23.75,68.0
3048,20.25,76.25
3049,15.5,74.25
3050,22.25,73.5
3051,24.25,80.75
3052,22.25,75.0
3053,23.25,76.0
3054,30.5,76.25
3055,28.0,93.5
3056,13.25,79.75
3057,25.25,86.0
3058,31.5,78.0
3059,27.5,75.75
3060,26.25,77.5
3061,27.0,72.25
3062,17.5,77.0
3063,24.0,74.75
3064,28.75,80.75
3065,22.0,78.75
3066,25.25,81.25
3067,13.75,77.5
3068,17.75,78.5
3069,16.5,81.0
3070,13.75,76.0
3071,18.0,75.0
3072,14.25,74.25
3073,28.0,79.25
3074,13.75,74.75
3075,13.0,77.75
3076,36.0,74.25
3077,20.5,73.75
3078,21.5,85.75
3079,24.0,87.5
3080,18.5,83.0
3081,17.75,75.75
3082,30.0,80.0
3083,17.25,73.5
3084,25.25,83.75
3085,21.25,72.5
3086,23.75,72.5
3087,20.5,82.75
3088,17.75,78.75
3089,26.5,70.0
3090,35.25,77.0
3091,31.25,79.25
3092,23.0,77.0
3093,17.5,74.0
3094,26.75,88.0
3095,29.75,75.5
3096,24.75,80.25
3097,20.75,73.5
3098,25.75,87.75
3099,26.25,72.25
3100,27.75,77.25
3101,21.75,88.25
3102,22.0,85.75
3103,20.0,74.5
3104,28.25,73.5
3105,27.0,75.5
3106,16.0,77.0
3107,32.0,78.75
3108,25.5,86.25
3109,16.0,73.75
3110,28.0,94.5
3111,27.5,81.0
3112,30.25,74.75
3113,19.75,79.5
3114,19.25,84.25
3115,14.0,76.5
3116,20.5,84.0
3117,12.75,80.0
3118,25.25,78.0
3119,23.5,73.25
3120,24.5,69.25
3121,23.75,92.0
3122,21.75,85.75
3123,22.5,75.25
3124,26.5,71.75
3125,17.5,77.25
3126,24.75,87.5
3127,25.5,92.0
3128,25.75,73.25
3129,24.75,79.25
3130,25.0,94.5
3131,17.0,80.5
3132,23.75,73.25
3133,35.5,77.0
3134,13.0,78.0
3135,26.0,87.0
3136,35.5,74.5
3137,23.25,84.0
3138,9.75,77.75
3139,25.5,81.25
3140,29.0,96.0
3141,27.75,95.75
3142,20.5,81.75
3143,23.25,79.5
3144,34.0,74.5
3145,21.25,75.75
3146,26.75,92.5
3147,34.5,75.75
3148,21.25,86.5
3149,27.5,74.0
3150,25.5,87.75
3151,26.5,93.75
3152,20.5,79.0
3153,27.75,96.5
3154,24.0,70.75
3155,16.5,79.0
3156,23.25,73.0
3157,22.0,85.25
3158,21.0,77.25
3159,23.0,84.0
3160,9.25,76.5
3161,25.0,71.25
3162,24.5,88.5
3163,21.25,86.75
3164,26.25,75.5
3165,25.75,91.5
3166,26.5,78.25
3167,23.75,87.25
3168,25.75,78.5
3169,18.0,82.25
3170,18.5,84.5
3171,20.0,84.75
3172,27.5,72.0
3173,29.75,75.75
3174,17.0,73.25
3175,26.0,88.0
3176,15.25,77.5
3177,27.25,78.75
3178,33.0,78.75
3179,24.0,73.75
3180,23.25,84.5
3181,20.25,84.0
3182,31.0,78.5
3183,36.75,74.75
3184,34.0,75.5
3185,26.5,78.75
3186,22.5,69.75
3187,23.5,91.25
3188,26.25,90.0
3189,28.0,81.0
3190,26.75,87.0
3191,15.75,75.25
3192,13.75,76.5
3193,27.0,74.0
3194,18.25,79.25
3195,24.5,86.75
3196,26.25,77.0
3197,21.0,78.25
3198,28.25,78.5
3199,34.0,76.25
3200,34.75,79.0
3201,27.0,90.75
3202,23.0,84.75
3203,21.75,72.75
3204,26.5,71.25
3205,22.75,85.75
3206,20.5,83.25
3207,15.5,77.25
3208,21.75,86.25
3209,33.5,77.25
3210,20.5,73.0
3211,18.75,78.75
3212,18.0,81.5
3213,21.75,85.5
3214,34.5,74.75
3215,26.75,71.0
3216,27.5,93.25
3217,28.25,75.75
3218,32.5,75.5
3219,18.5,82.0
3220,28.0,97.0
3221,23.0,86.0
3222,26.0,89.75
3223,25.25,75.0
3224,26.5,75.5
3225,19.0,82.75
3226,23.0,86.75
3227,26.5,78.0
3228,23.5,81.0
3229,19.5,75.5
3230,17.25,76.25
3231,20.0,75.25
3232,22.0,83.5
3233,16.75,76.0
3234,30.75,74.5
3235,20.5,84.75
3236,17.25,76.75
3237,30.25,79.5
3238,25.75,76.5
3239,25.0,87.25
3240,14.5,76.25
3241,19.25,74.75
3242,22.5,71.0
3243,24.0,86.0
3244,21.5,74.5
3245,11.0,78.75
3246,26.5,82.5
3247,26.0,85.5
3248,21.5,77.25
3249,21.0,75.75
3250,8.25,77.5
3251,18.75,74.0
3252,15.75,79.5
3253,24.5,93.0
3254,32.0,77.0
3255,22.25,69.0
3256,19.25,77.5
3257,21.25,85.5
3258,27.75,82.0
3259,24.5,93.75
3260,26.75,77.25
3261,35.5,79.75
3262,23.0,80.25
3263,19.75,85.0
3264,29.25,95.5
3265,22.75,84.25
3266,13.5,80.5
3267,25.25,75.25
3268,22.75,79.5
3269,30.5,76.75
3270,27.75,81.0
3271,24.5,72.75
3272,28.75,73.75
3273,22.5,69.25
3274,34.0,76.75
3275,26.5,80.0
3276,32.5,76.25
3277,21.0,74.25
3278,25.5,72.75
3279,33.25,76.25
3280,16.0,78.25
3281,19.25,80.5
3282,15.75,76.0
3283,30.75,78.75
3284,22.75,83.0
3285,28.5,96.0
3286,18.0,78.25
3287,37.0,75.0
3288,26.0,83.5
3289,23.5,93.5
3290,24.75,81.25
3291,9.5,79.25
3292,22.5,78.75
3293,26.75,83.75
3294,26.75,83.0
3295,10.25,76.5
3296,12.25,75.25
3297,24.75,71.0
3298,20.0,72.75
3299,22.5,81.5
3300,25.75,79.75
3301,22.0,76.5
3302,35.0,79.0
3303,30.5,79.25
3304,18.25,79.75
3305,22.0,85.5
3306,33.0,79.25
3307,25.5,91.5
3308,21.5,81.0
3309,31.25,78.75
3310,24.25,75.0
3311,8.75,78.0
3312,28.0,71.5
3313,19.5,78.5
3314,23.75,92.25
3315,14.5,75.0
3316,9.0,77.5
3317,27.0,91.75
3318,25.5,86.0
3319,13.0,75.25
3320,26.25,80.25
3321,23.5,70.0
3322,13.25,77.0
3323,13.0,80.0
3324,26.5,86.0
3325,20.5,79.75
3326,25.75,74.75
3327,14.75,74.25
3328,23.75,78.5
3329,34.0,75.25
3330,32.75,76.25
3331,27.25,76.0
3332,35.5,73.75
3333,32.25,76.25
3334,27.5,93.0
3335,13.25,77.25
3336,18.25,73.5
3337,22.75,88.0
3338,14.5,78.0
3339,35.5,74.25
3340,33.75,76.75
3341,25.25,77.5
3342,22.75,89.0
3343,26.5,80.25
3344,25.25,72.5
3345,36.75,75.25
3346,24.5,87.75
3347,22.0,80.25
3348,12.0,77.25
3349,21.5,73.75
3350,30.75,77.75
3351,21.5,86.5
3352,21.25,80.75
3353,32.25,77.25
3354,27.5,76.0
3355,26.75,78.75
3356,26.5,84.5
3357,26.5,76.25
3358,21.25,76.25
3359,21.75,86.75
3360,28.25,77.5
3361,24.75,73.0
3362,23.5,78.75
3363,22.25,68.75
3364,9.25,77.5
3365,26.25,92.0
3366,34.75,74.5
3367,30.75,79.5
3368,22.5,74.25
3369,30.75,79.75
3370,30.25,77.0
3371,27.5,94.5
3372,23.75,78.75
3373,22.75,80.25
3374,26.75,72.25
3375,16.75,75.25
3376,15.75,80.25
3377,26.25,70.5
3378,30.25,79.75
3379,18.75,75.5
3380,11.75,77.5
3381,26.5,72.5
3382,23.5,83.75
3383,21.0,86.0
3384,15.5,76.0
3385,28.75,94.25
3386,18.75,83.0
3387,25.0,71.75
3388,32.5,77.75
3389,21.75,70.5
3390,27.25,70.25
3391,8.5,76.5
3392,28.0,72.75
3393,28.0,81.5
3394,15.75,78.5
3395,28.0,74.0
3396,15.75,78.25
3397,13.5,77.25
3398,14.0,75.0
3399,22.75,70.5
3400,24.25,71.75
3401,25.75,90.75
3402,22.25,74.75
3403,24.5,85.5
3404,32.75,75.5
3405,16.25,74.0
3406,23.75,85.0
3407,28.0,96.5
3408,24.0,68.0
3409,17.0,75.0
3410,27.25,93.0
3411,29.5,78.5
3412,34.25,76.75
3413,27.25,82.0
3414,13.25,79.5
3415,13.5,78.75
3416,20.75,78.5
3417,16.5,78.0
3418,16.75,76.5
3419,21.5,82.5
3420,20.25,72.75
3421,13.5,78.5
3422,25.0,85.75
3423,32.5,75.75
3424,17.75,81.75
3425,19.5,75.0
3426,27.0,73.0
3427,26.75,83.25
3428,23.25,78.25
3429,22.0,86.0
3430,22.25,76.75
3431,18.0,82.75
3432,29.0,96.5
3433,31.25,75.25
3434,21.25,81.25
3435,33.25,78.5
3436,31.0,75.75
3437,27.25,81.75
3438,22.0,84.75
3439,16.25,76.25
3440,13.0,75.75
3441,28.0,71.75
3442,35.25,77.25
3443,17.75,78.25
3444,16.0,79.25
3445,29.75,79.75
3446,15.75,79.0
3447,17.5,78.25
3448,12.0,75.0
3449,27.75,92.5
3450,17.0,76.0
3451,25.75,94.75
3452,25.0,71.0
3453,20.25,79.0
3454,8.5,76.75
3455,35.75,75.5
3456,22.5,77.5
3457,14.75,75.25
3458,14.5,78.5
3459,20.0,74.25
3460,25.0,88.0
3461,19.5,74.0
3462,28.0,78.75
3463,21.25,70.25
3464,22.75,93.0
3465,15.0,79.25
3466,25.5,79.5
3467,23.75,76.5
3468,25.25,73.75
3469,26.25,85.75
3470,28.75,95.0
3471,16.0,75.5
3472,35.75,79.0
3473,17.0,73.75
3474,20.25,79.75
3475,20.75,77.75
3476,26.0,71.0
3477,24.5,81.0
3478,27.5,78.0
3479,22.0,74.0
3480,29.75,75.0
3481,16.75,82.0
3482,20.25,85.5
3483,34.5,77.5
3484,12.25,78.25
3485,35.5,80.25
3486,15.75,75.75
3487,26.25,71.5
3488,13.0,78.75
3489,23.5,75.75
3490,30.5,77.25
3491,14.75,75.75
3492,34.75,76.75
3493,26.5,87.5
3494,21.75,73.75
3495,16.25,77.25
3496,19.5,83.75
3497,27.75,77.5
3498,27.75,81.5
3499,17.0,75.25
3500,25.75,71.75
3501,23.5,82.0
3502,18.0,82.0
3503,23.75,77.5
3504,27.0,94.25
3505,29.0,74.75
3506,23.25,71.5
3507,26.0,88.25
3508,25.25,93.5
3509,23.75,88.5
3510,22.25,79.25
3511,18.0,73.75
3512,22.25,92.5
3513,22.5,77.0
3514,34.75,75.0
3515,9.0,76.75
3516,25.5,83.0
3517,27.25,93.5
3518,25.5,74.0
3519,36.5,74.0
3520,29.0,78.0
3521,26.5,90.25
3522,28.0,74.5
3523,25.0,92.25
3524,24.75,76.25
3525,23.5,68.25
3526,15.75,77.5
3527,28.0,75.5
3528,24.75,75.25
3529,25.75,91.75
3530,16.0,76.75
3531,23.5,84.0
3532,22.5,84.75
3533,23.75,72.75
3534,23.0,75.0
3535,18.75,80.0
3536,17.0,82.0
3537,27.25,80.75
3538,22.5,73.5
3539,34.5,73.75
3540,36.0,72.75
3541,31.0,78.25
3542,23.25,92.25
3543,27.75,71.25
3544,36.25,74.0
3545,26.5,89.75
3546,16.5,77.0
3547,21.75,79.0
3548,21.75,83.75
3549,24.5,71.5
3550,16.25,77.0
3551,33.0,75.5
3552,23.5,70.75
3553,24.75,84.5
3554,29.25,78.25
3555,15.5,74.0
3556,20.75,78.25
3557,25.75,80.25
3558,10.25,76.25
3559,21.25,81.0
3560,17.0,80.75
3561,26.0,70.5
3562,34.75,77.5
3563,26.75,72.75
3564,27.0,77.75
3565,36.25,76.0
3566,13.5,75.75
3567,27.0,82.25
3568,28.5,79.75
3569,27.0,72.75
3570,27.75,91.5
3571,31.25,76.0
3572,25.25,75.5
3573,22.0,77.5
3574,29.0,74.0
3575,25.25,75.75
3576,23.25,70.5
3577,23.5,88.25
3578,12.75,78.0
3579,16.0,78.5
3580,20.5,77.5
3581,29.75,79.5
3582,12.5,75.75
3583,18.25,80.75
3584,9.5,78.25
3585,20.75,83.5
3586,26.5,90.5
3587,12.5,78.75
3588,19.5,85.0
3589,18.25,81.0
3590,26.0,80.5
3591,27.75,71.0
3592,22.25,81.25
3593,25.75,89.75
3594,35.5,74.75
3595,23.25,83.75
3596,26.0,74.0
3597,13.0,76.5
3598,22.75,73.25
3599,26.5,77.5
3600,26.75,70.5
3601,35.25,74.25
3602,27.25,73.0
3603,21.5,80.75
3604,34.75,74.75
3605,24.25,92.5
3606,26.25,91.75
3607,26.75,91.0
3608,24.25,92.75
3609,19.75,74.25
3610,29.75,74.0
3611,26.75,75.5
3612,18.5,78.75
3613,21.5,83.5
3614,21.0,84.25
3615,23.25,71.75
3616,24.0,87.0
3617,25.0,78.75
3618,15.5,79.25
3619,29.75,74.75
3620,27.0,90.0
3621,13.5,75.5
3622,23.25,82.5
3623,28.25,81.0
3624,22.5,74.75
3625,23.25,88.5
3626,18.0,74.25
3627,21.0,78.75
3628,34.75,79.5
3629,19.5,80.5
3630,24.5,85.75
3631,35.5,80.0
3632,20.75,83.25
3633,14.0,77.25
3634,31.0,79.0
3635,28.0,73.5
3636,11.75,77.25
3637,14.0,78.5
3638,24.25,69.0
3639,18.5,76.0
3640,31.0,74.5
3641,21.0,81.5
3642,22.75,81.0
3643,26.0,72.75
3644,20.0,80.0
3645,19.5,73.75
3646,23.5,86.25
3647,26.75,89.75
3648,25.75,72.25
3649,22.75,83.25
3650,23.5,76.0
3651,13.25,74.5
3652,21.25,78.0
3653,17.5,82.5
3654,30.5,77.0
3655,12.0,78.75
3656,28.75,74.25
3657,27.5,96.75
3658,19.5,82.25
3659,30.5,80.0
3660,18.25,77.75
3661,26.0,70.25
3662,25.75,93.5
3663,24.75,72.75
3664,17.25,74.5
3665,8.5,77.0
3666,26.75,71.5
3667,33.5,76.75
3668,28.5,75.75
3669,19.75,80.25
3670,24.0,70.0
3671,36.5,78.5
3672,17.5,75.25
3673,23.75,79.0
3674,25.0,73.0
3675,20.25,77.75
3676,22.75,75.0
3677,26.75,89.0
3678,24.5,93.25
3679,24.75,88.0
3680,23.5,76.75
3681,22.5,79.0
3682,24.5,75.0
3683,23.75,69.75
3684,27.25,84.25
3685,24.25,94.25
3686,12.25,78.5
3687,19.5,74.5
3688,20.25,74.75
3689,18.75,74.25
3690,17.0,78.75
3691,13.25,75.0
3692,22.25,72.0
3693,28.0,88.5
3694,24.75,86.75
3695,36.25,73.5
3696,24.0,84.5
3697,26.75,78.5
3698,24.0,75.5
3699,22.75,71.75
3700,24.0,84.75
3701,20.0,85.0
3702,18.5,82.75
3703,15.75,74.25
3704,33.25,75.25
3705,28.25,72.5
3706,11.0,79.75
3707,29.5,73.0
3708,25.75,76.25
3709,26.5,87.75
3710,18.5,81.75
3711,27.75,97.0
3712,22.5,75.75
3713,15.25,79.0
3714,20.25,73.5
3715,28.5,96.5
3716,25.5,77.75
3717,24.25,82.75
3718,25.0,75.75
3719,25.25,74.0
3720,31.5,74.5
3721,15.25,75.75
3722,24.75,80.5
3723,21.5,77.5
3724,25.25,91.75
3725,26.75,92.75
3726,26.5,87.25
3727,20.5,86.0
3728,14.5,75.75
3729,33.0,78.0
3730,30.0,73.5
3731,29.5,74.5
3732,27.75,74.25
3733,25.0,82.5
3734,27.75,76.75
3735,31.0,78.75
3736,18.25,76.5
3737,26.75,82.75
3738,21.75,74.25
3739,29.25,75.5
3740,19.75,83.25
3741,23.25,75.25
3742,35.75,73.0
3743,29.0,75.25
3744,25.5,75.25
3745,21.0,84.0
3746,12.0,77.75
3747,27.5,74.25
3748,22.0,71.0
3749,11.0,75.75
3750,28.25,78.25
3751,19.25,78.5
3752,27.0,78.5
3753,25.75,88.25
3754,26.25,80.75
3755,26.75,93.75
3756,24.25,72.0
3757,18.0,83.25
3758,22.0,71.5
3759,21.5,83.25
3760,27.5,71.75
3761,34.0,74.75
3762,25.25,78.5
3763,26.0,83.0
3764,32.0,77.5
3765,24.5,82.0
3766,18.75,79.0
3767,35.5,79.5
3768,24.0,70.5
3769,32.75,75.0
3770,22.5,82.25
3771,15.5,79.75
3772,17.75,75.25
3773,26.0,78.75
3774,11.25,76.75
3775,27.25,95.5
3776,24.5,72.25
3777,34.25,79.25
3778,22.5,71.75
3779,21.25,76.0
3780,26.0,80.0
3781,25.25,76.25
3782,19.5,77.25
3783,27.0,78.25
3784,19.75,78.0
3785,24.5,93.5
3786,19.25,83.75
3787,13.0,79.5
3788,16.25,76.5
3789,27.5,72.75
3790,26.25,71.0
3791,23.25,68.5
3792,18.75,74.75
3793,25.25,80.75
3794,23.75,87.0
3795,25.0,86.0
3796,21.5,79.75
3797,15.0,78.75
3798,21.0,77.75
3799,27.25,88.25
3800,25.75,75.75
3801,23.75,80.5
3802,19.25,80.25
3803,25.25,78.75
3804,17.5,80.0
3805,23.0,72.75
3806,29.25,75.25
3807,23.5,78.0
3808,14.25,79.25
3809,12.25,76.0
3810,21.75,76.5
3811,23.5,76.25
3812,22.25,88.0
3813,35.5,77.75
3814,17.25,82.25
3815,13.25,78.75
3816,27.5,82.5
3817,27.5,79.75
3818,24.0,76.0
3819,27.5,74.5
3820,24.5,69.5
3821,13.75,80.25
3822,26.0,75.5
3823,22.5,83.75
3824,15.5,75.25
3825,29.5,73.75
3826,29.25,78.75
3827,12.25,75.75
3828,30.5,74.0
3829,15.5,79.5
3830,18.0,75.5
3831,20.25,86.0
3832,17.0,73.5
3833,17.5,79.75
3834,28.0,91.75
3835,24.75,82.75
3836,19.25,73.5
3837,31.5,78.5
3838,21.75,76.25
3839,23.25,73.5
3840,19.75,84.0
3841,17.75,80.5
3842,32.75,75.75
3843,12.75,75.0
3844,35.25,76.25
3845,25.5,81.5
3846,32.0,74.75
3847,17.0,77.75
3848,28.25,76.5
3849,28.0,74.25
3850,14.75,77.0
3851,26.25,73.25
3852,31.25,78.5
3853,22.0,79.0
3854,20.75,85.5
3855,25.0,78.25
3856,20.5,82.5
3857,26.25,94.5
3858,23.0,78.25
3859,21.0,74.5
3860,22.25,69.25
3861,26.75,91.5
3862,21.75,79.5
3863,26.5,73.5
3864,24.25,93.25
3865,27.25,88.0
3866,22.0,75.5
3867,21.0,76.25
3868,18.0,81.25
3869,17.5,75.5
3870,17.5,73.5
3871,20.0,86.25
3872,10.5,77.75
3873,35.25,76.0
3874,30.0,79.25
3875,14.5,79.25
3876,37.0,74.0
3877,20.5,85.75
3878,20.75,80.25
3879,17.5,75.0
3880,20.0,76.0
3881,24.0,83.25
3882,21.0,82.0
3883,22.25,79.5
3884,24.0,72.25
3885,23.75,86.25
3886,24.25,82.5
3887,9.75,76.75
3888,27.5,72.25
3889,18.5,73.5
3890,24.75,77.25
3891,16.0,73.5
3892,21.75,84.25
3893,27.5,88.25
3894,13.75,78.25
3895,26.0,72.5
3896,36.0,76.0
3897,22.5,76.25
3898,20.0,78.5
3899,27.5,81.5
3900,24.25,91.25
3901,9.25,77.75
3902,21.25,86.25
3903,25.0,92.75
3904,27.0,78.0
3905,16.5,75.5
3906,27.25,74.5
3907,27.0,72.5
3908,21.0,83.0
3909,26.5,86.75
3910,23.75,73.0
3911,33.5,78.75
3912,22.75,77.75
3913,29.5,72.5
3914,23.75,71.5
3915,16.0,74.75
3916,20.0,73.0
3917,19.25,81.0
3918,28.0,95.25
3919,29.5,75.5
3920,31.25,78.0
3921,25.25,93.75
3922,22.0,85.0
3923,36.25,76.75
3924,27.75,92.75
3925,19.0,77.0
3926,23.75,85.75
3927,26.75,90.25
3928,24.0,79.5
3929,28.0,92.0
3930,30.5,78.75
3931,24.5,79.25
3932,25.75,81.25
3933,26.25,87.25
3934,13.0,78.25
3935,23.0,83.0
3936,25.0,83.0
3937,17.5,80.25
3938,20.0,74.75
3939,23.0,76.5
3940,23.0,69.25
3941,12.5,80.5
3942,26.5,85.75
3943,18.5,73.0
3944,32.5,75.0
3945,27.75,95.5
3946,26.5,92.25
3947,26.0,81.0
3948,33.0,74.0
3949,34.5,76.5
3950,28.25,93.75
3951,16.25,78.0
3952,34.75,74.0
3953,19.0,73.25
3954,24.0,81.5
3955,11.75,78.0
3956,11.25,77.5
3957,26.25,81.5
3958,36.75,75.75
3959,21.75,86.5
3960,28.0,81.75
3961,26.75,76.75
3962,13.25,74.75
3963,21.75,76.75
3964,35.0,77.25
3965,24.25,93.5
3966,24.0,68.25
3967,37.0,73.75
3968,34.25,74.0
3969,20.25,84.5
3970,18.5,82.5
3971,25.25,73.25
3972,20.25,73.75
3973,16.5,74.0
3974,19.75,83.0
3975,25.25,72.75
3976,29.25,94.75
3977,24.0,91.75
3978,23.5,84.5
3979,10.75,78.25
3980,25.5,84.0
3981,10.75,76.25
3982,18.25,77.0
3983,31.75,75.25
3984,18.0,76.75
3985,20.5,84.5
3986,25.75,77.75
3987,27.25,94.5
3988,19.5,72.75
3989,28.25,73.75
3990,19.75,72.5
3991,14.5,74.5
3992,25.5,83.75
3993,33.25,77.25
3994,24.75,74.5
3995,10.5,77.5
3996,9.75,78.25
3997,9.25,78.5
3998,24.75,76.5
3999,23.0,73.25
4000,35.25,77.5
4001,23.25,72.25
4002,36.25,76.25
4003,32.25,76.5
4004,22.5,75.0
4005,32.25,75.75
4006,25.25,88.5
4007,23.0,85.25
4008,26.75,78.25
4009,36.5,74.25
4010,23.0,91.5
4011,23.75,74.75
4012,20.0,80.75
4013,14.0,79.25
4014,17.5,73.0
4015,26.75,80.25
4016,27.75,88.0
4017,13.25,77.75
4018,25.5,73.25
4019,27.25,83.75
4020,29.0,79.75
4021,26.0,90.0
4022,22.5,82.75
4023,35.75,73.75
4024,24.25,73.0
4025,27.75,79.75
4026,35.25,75.75
4027,26.25,85.0
4028,22.75,77.0
4029,31.75,76.5
4030,25.5,82.0
4031,27.25,77.0
4032,22.75,74.25
4033,22.75,78.0
4034,31.25,74.75
4035,27.0,69.5
4036,26.75,74.25
4037,24.5,83.25
4038,23.25,76.25
4039,24.25,76.0
4040,18.5,74.5
4041,24.5,88.0
4042,16.75,74.0
4043,29.25,77.5
4044,18.75,80.75
4045,30.0,78.25
4046,25.75,79.0
4047,33.5,79.25
4048,19.5,81.25
4049,21.0,78.0
4050,25.25,84.75
4051,34.5,76.25
4052,13.75,79.75
4053,14.75,76.5
4054,21.25,83.75
4055,20.25,78.25
4056,17.5,75.75
4057,24.75,78.0
4058,20.5,80.25
4059,27.5,97.0
4060,21.25,77.0
4061,26.0,85.75
4062,35.25,79.75
4063,37.0,73.5
4064,20.0,84.25
4065,12.75,76.5
4066,25.0,76.0
4067,22.0,70.75
4068,23.75,76.25
4069,28.0,76.5
4070,11.75,75.25
4071,28.5,93.25
4072,23.5,91.5
4073,15.25,74.0
4074,24.5,71.0
4075,22.75,70.25
4076,16.5,78.75
4077,24.25,75.5
4078,23.0,71.75
4079,19.0,80.25
4080,27.75,95.25
4081,30.25,78.5
4082,20.75,73.25
4083,25.75,94.5
4084,12.5,76.25
4085,26.25,72.75
4086,28.25,94.75
4087,21.5,70.5
4088,29.75,76.75
4089,20.5,76.0
4090,17.25,77.75
4091,19.25,83.5
4092,27.5,76.25
4093,20.75,73.0
4094,15.5,76.25
4095,13.25,80.0
4096,17.75,77.25
4097,21.25,75.0
4098,17.0,76.25
4099,14.25,79.5
4100,20.75,87.0
4101,20.5,75.25
4102,24.5,84.5
4103,20.25,80.75
4104,26.0,80.25
4105,26.5,90.75
4106,33.5,75.25
4107,22.25,70.5
4108,19.25,80.0
4109,12.0,79.0
4110,13.75,77.75
4111,32.5,74.75
4112,21.75,70.0
4113,23.25,71.25
4114,27.0,79.0
4115,19.0,76.5
4116,14.75,76.25
4117,28.25,78.75
4118,24.0,69.5
4119,28.5,73.75
4120,10.0,77.25
4121,23.5,88.0
4122,20.0,75.5
4123,12.5,78.0
4124,29.5,76.0
4125,19.25,82.5
4126,19.75,73.0
4127,22.75,72.0
4128,23.0,82.5
4129,23.0,77.75
4130,31.5,76.0
4131,21.0,80.5
4132,24.5,83.0
4133,27.5,73.25
4134,27.25,95.75
4135,33.5,76.25
4136,18.75,77.0
4137,16.25,73.5
4138,35.0,75.25
4139,11.75,76.75
4140,21.5,77.75
4141,28.25,71.75
4142,35.0,80.0
4143,19.5,85.5
4144,24.25,93.0
4145,20.75,77.0
4146,12.75,78.5
4147,18.0,75.75
4148,9.75,78.5
4149,26.0,93.75
4150,35.5,77.5
4151,19.5,78.75
4152,23.0,76.0
4153,19.75,80.0
4154,23.25,81.25
4155,23.0,75.5
4156,15.75,75.5
4157,26.25,73.5
4158,30.25,81.0
4159,25.5,78.25
4160,14.75,79.25
4161,17.75,75.0
4162,15.0,75.5
4163,11.75,79.5
4164,13.75,75.0
4165,26.75,86.5
4166,9.0,77.0
4167,15.75,74.0
4168,17.75,81.25
4169,25.75,71.5
4170,27.75,72.25
4171,9.5,76.5
4172,18.25,75.25
4173,20.0,85.75
4174,25.25,94.5
4175,21.5,76.0
4176,29.25,73.0
4177,24.0,82.0
4178,12.75,79.0
4179,22.5,70.75
4180,26.25,88.75
4181,18.5,77.75
4182,19.5,84.0
4183,16.75,82.25
4184,20.0,84.0
4185,28.75,96.0
4186,31.25,77.0
4187,23.5,74.5
4188,21.0,85.5
4189,26.25,78.0
4190,28.25,75.25
4191,34.0,78.5
4192,24.5,70.0
4193,19.0,79.75
4194,23.5,72.25
4195,30.25,73.75
4196,20.0,79.25
4197,30.5,80.75
4198,36.0,73.25
4199,25.0,86.25
4200,8.75,77.75
4201,17.0,79.75
4202,36.25,76.5
4203,22.0,71.75
4204,20.0,83.0
4205,11.5,77.0
4206,9.25,79.25
4207,22.25,71.0
4208,26.25,72.5
4209,27.25,80.5
4210,19.5,79.5
4211,12.0,78.0
4212,33.0,76.75
4213,26.25,95.0
4214,11.25,77.75
4215,26.0,91.75
4216,21.5,82.75
4217,15.0,77.75
4218,19.75,82.0
4219,27.5,92.25
4220,27.0,95.75
4221,24.0,68.75
4222,18.75,81.25
4223,25.5,84.5
4224,20.25,74.5
4225,33.75,74.0
4226,23.5,74.0
4227,36.5,76.25
4228,26.0,80.75
4229,29.75,76.5
4230,26.75,80.5
4231,23.25,91.25
4232,30.0,76.0
4233,14.5,79.0
4234,24.75,77.0
4235,28.0,92.25
4236,15.75,77.25
4237,28.0,70.25
4238,18.25,72.75
4239,25.25,85.0
4240,15.0,74.25
4241,28.0,75.0
4242,31.0,76.25
4243,19.0,83.0
4244,28.25,77.25
4245,26.5,86.5
4246,26.0,85.0
4247,13.0,75.0
4248,24.0,88.5
4249,27.0,84.25
4250,17.75,80.75
4251,36.0,79.0
4252,24.5,92.0
4253,13.0,76.75
4254,36.0,75.25
4255,22.25,82.5
4256,20.75,81.5
4257,27.75,80.75
4258,11.25,79.5
4259,11.0,78.0
4260,26.5,76.0
4261,28.5,79.25
4262,27.0,77.0
4263,20.5,77.75
4264,29.5,95.5
4265,13.25,79.0
4266,26.0,90.75
4267,17.75,80.0
4268,30.75,76.75
4269,16.75,79.5
4270,27.75,80.5
4271,28.25,79.75
4272,23.75,69.5
4273,23.75,84.25
4274,20.0,79.75
4275,21.25,79.5
4276,22.75,74.0
4277,27.0,73.25
4278,26.0,94.5
4279,18.75,82.75
4280,33.75,76.25
4281,24.25,83.75
4282,19.75,74.0
4283,27.5,70.25
4284,21.5,79.25
4285,24.5,94.25
4286,27.25,76.5
4287,35.5,78.0
4288,20.25,82.75
4289,33.0,78.5
4290,12.5,76.75
4291,23.25,74.25
4292,32.5,75.25
4293,18.5,74.0
4294,12.75,79.5
4295,23.25,70.75
4296,25.0,85.25
4297,25.5,75.75
4298,25.5,94.5
4299,21.75,72.5
4300,23.25,85.75
4301,25.75,79.5
4302,30.75,75.0
4303,14.0,80.0
4304,24.75,87.25
4305,19.25,81.5
4306,28.75,72.75
4307,13.5,79.0
4308,24.5,92.75
4309,21.75,88.75
4310,25.0,79.0
4311,34.75,78.5
4312,12.25,76.5
4313,13.25,75.5
4314,24.25,85.75
4315,23.5,75.5
4316,22.5,70.25
4317,21.25,78.25
4318,25.75,78.0
4319,36.0,76.5
4320,23.75,91.0
4321,34.0,74.0
4322,28.75,96.5
4323,30.5,76.5
4324,18.5,73.75
4325,16.0,75.25
4326,13.25,78.5
4327,22.25,87.0
4328,25.5,91.75
4329,16.0,74.25
4330,23.25,88.25
4331,27.5,75.0
4332,23.25,83.5
4333,26.75,95.0
4334,22.0,72.5
4335,17.5,82.25
4336,25.5,80.25
4337,21.5,71.75
4338,33.0,78.25
4339,24.25,75.75
4340,26.5,89.0
4341,26.5,70.75
4342,13.5,75.0
4343,17.75,76.0
4344,19.25,81.25
4345,29.75,75.25
4346,10.5,75.5
4347,27.5,88.75
4348,23.0,85.0
4349,34.0,77.75
4350,21.25,84.0
4351,27.0,70.0
4352,28.5,78.5
4353,25.0,76.5
4354,24.0,94.0
4355,21.0,70.0
4356,27.25,70.75
4357,17.75,83.0
4358,22.25,77.25
4359,18.75,83.5
4360,34.25,78.25
4361,15.75,76.75
4362,36.75,74.25
4363,29.0,78.5
4364,19.0,80.75
4365,29.75,79.0
4366,27.0,80.0
4367,9.25,78.25
4368,26.75,74.5
4369,28.5,81.0
4370,13.25,76.5
4371,25.75,71.0
4372,13.5,75.25
4373,27.75,92.0
4374,23.75,91.25
4375,31.0,79.75
4376,34.5,79.0
4377,24.0,72.5
4378,23.75,80.25
4379,19.0,82.5
4380,31.25,74.5
4381,23.5,78.25
4382,34.75,78.25
4383,29.5,73.25
4384,22.25,75.25
4385,19.5,73.5
4386,24.75,73.75
4387,18.25,81.25
4388,25.25,76.0
4389,23.5,77.5
4390,25.0,94.0
4391,20.0,75.0
4392,32.75,78.5
4393,12.0,78.5
4394,29.5,79.25
4395,16.5,79.5
4396,21.75,76.0
4397,23.75,76.75
4398,19.5,84.75
4399,24.25,86.5
4400,27.75,76.0
4401,20.0,83.5
4402,20.0,81.0
4403,18.5,77.0
4404,18.0,79.25
4405,13.5,80.0
4406,24.5,84.0
4407,9.25,77.0
4408,30.75,76.0
4409,28.25,79.25
4410,29.5,96.5
4411,23.75,70.0
4412,18.25,73.0
4413,20.0,83.75
4414,24.0,74.5
4415,17.25,80.75
4416,31.0,77.0
4417,25.25,90.25
4418,22.25,76.25
4419,33.25,76.5
4420,35.5,79.0
4421,26.0,92.25
4422,33.0,74.75
4423,31.75,74.5
4424,21.5,71.5
4425,22.0,86.25
4426,26.5,77.0
4427,16.0,80.5
4428,17.0,75.75
4429,24.5,78.75
4430,27.25,95.25
4431,27.5,90.5
4432,16.75,78.25
4433,24.25,70.75
4434,29.0,96.25
4435,13.5,77.5
4436,30.25,79.0
4437,25.75,72.5
4438,24.25,76.25
4439,29.75,77.25
4440,14.25,78.25
4441,22.0,86.75
4442,24.0,92.5
4443,29.5,80.0
4444,22.5,68.75
4445,19.0,77.75
4446,18.25,74.75
4447,30.75,79.25
4448,17.25,78.75
4449,19.5,82.75
4450,22.0,88.5
4451,27.0,80.25
4452,14.0,76.75
4453,27.5,72.5
4454,23.0,78.5
4455,23.5,71.25
4456,9.75,77.5
4457,28.75,75.75
4458,33.75,77.0
4459,16.5,76.25
4460,22.5,92.5
4461,27.5,84.0
4462,25.5,93.25
4463,15.25,78.25
4464,18.0,73.0
4465,19.25,74.25
4466,22.25,69.5
4467,21.0,84.5
4468,16.5,75.25
4469,21.0,82.5
4470,19.75,73.5
4471,26.0,84.75
4472,35.0,79.75
4473,26.25,89.25
4474,27.75,93.5
4475,27.75,92.25
4476,22.5,83.25
4477,30.0,77.5
4478,22.5,73.0
4479,21.75,86.0
4480,25.75,81.0
4481,26.0,93.0
4482,21.75,79.75
4483,20.0,78.75
4484,26.5,74.0
4485,26.0,70.0
4486,25.5,94.25
4487,25.75,87.5
4488,24.5,81.5
4489,34.25,75.75
4490,34.5,75.5
4491,27.25,72.25
4492,22.25,73.75
4493,24.5,80.0
4494,34.75,78.0
4495,10.25,79.25
4496,20.0,73.5
4497,28.0,82.0
4498,28.0,94.75
4499,24.5,74.0
4500,34.25,74.75
4501,29.25,74.25
4502,20.0,83.25
4503,26.25,90.75
4504,26.0,90.5
4505,17.75,80.25
4506,23.0,71.0
4507,25.75,76.75
4508,25.0,77.0
4509,36.25,74.25
4510,28.25,95.25
4511,29.0,80.0
4512,23.5,72.0
4513,25.5,70.5
4514,22.75,71.5
4515,19.25,73.75
4516,34.5,79.25
4517,25.75,71.25
4518,27.0,92.5
4519,21.25,78.75
4520,22.75,76.0
4521,23.25,73.25
4522,32.5,78.5
4523,26.75,82.0
4524,24.5,70.5
4525,16.0,80.0
4526,31.25,79.5
4527,28.5,72.5
4528,25.25,85.5
4529,21.25,74.0
4530,19.25,75.25
4531,21.0,81.0
4532,17.25,78.25
4533,24.25,71.25
4534,35.5,75.0
4535,29.5,79.75
4536,27.75,71.5
4537,16.5,81.5
4538,25.5,76.75
4539,24.0,93.0
4540,23.5,86.0
4541,28.0,70.5
4542,30.0,79.75
4543,20.75,72.75
4544,21.25,79.75
4545,26.5,85.0
4546,28.5,93.0
4547,12.25,75.0
4548,20.0,77.5
4549,20.0,80.25
4550,19.25,77.25
4551,27.0,83.25
4552,19.75,81.25
4553,10.75,77.0
4554,25.0,73.5
4555,27.75,79.5
4556,27.5,95.5
4557,10.75,79.5
4558,35.0,79.5
4559,21.75,80.75
4560,18.0,78.5
4561,21.75,78.75
4562,24.0,78.0
4563,20.5,80.0
4564,25.0,93.25
4565,22.75,79.0
4566,34.5,76.75
4567,20.25,83.25
4568,27.5,78.75
4569,27.0,71.25
4570,16.25,73.75
4571,31.25,77.75
4572,25.25,84.0
4573,25.5,72.5
4574,25.0,83.75
4575,28.5,71.5
4576,35.75,79.5
4577,33.75,75.25
4578,20.75,84.0
4579,18.5,75.75
4580,17.5,80.75
4581,17.25,82.0
4582,14.5,76.75
4583,19.5,80.75
4584,11.25,78.0
4585,14.0,77.0
4586,35.25,78.25
4587,24.75,82.25
4588,27.0,82.75
4589,21.25,77.25
4590,28.0,92.75
4591,19.75,84.75
4592,21.5,73.0
4593,25.5,79.75
4594,9.0,77.75
4595,23.25,77.0
4596,29.5,77.25
4597,29.25,78.5
4598,14.25,76.0
4599,27.5,77.0
4600,28.0,97.25
4601,25.5,93.75
4602,30.75,75.25
4603,24.5,92.5
4604,25.25,74.25
4605,21.75,84.75
4606,24.0,85.0
4607,28.5,74.75
4608,17.0,75.5
4609,22.25,81.75
4610,31.25,77.25
4611,27.75,77.75
4612,27.75,71.75
4613,21.0,76.75
4614,22.25,84.0
4615,26.75,75.75
4616,25.0,76.25
4617,26.25,91.25
4618,23.25,77.25
4619,12.5,75.0
4620,28.75,94.0
4621,23.5,72.5
4622,23.5,78.5
4623,25.25,70.75
4624,20.5,74.75
4625,27.25,94.25
4626,22.0,73.75
4627,35.75,80.25
4628,24.5,74.5
4629,34.25,73.5
4630,33.75,73.75
4631,29.5,79.0
4632,20.5,81.5
4633,9.5,76.75
4634,36.75,75.5
4635,26.75,90.5
4636,25.25,82.25
4637,35.25,76.75
4638,22.75,82.25
4639,25.0,73.75
4640,26.0,83.75
4641,26.75,79.75
4642,26.5,84.0
4643,24.75,79.0
4644,13.75,79.0
4645,17.25,74.0
4646,28.25,96.0
4647,21.5,84.5
4648,30.25,80.25
4649,29.5,74.0
4650,35.0,74.5
4651,17.25,81.5
4652,25.25,80.5
4653,23.75,68.5
4654,24.25,80.25
4655,19.25,83.25
4656,32.75,76.0
4657,34.25,74.25
4658,22.25,83.75
4659,24.25,68.75
4660,28.5,75.0
4661,27.25,78.0
4662,29.25,96.5
4663,22.0,75.25
4664,26.75,74.0
4665,26.25,80.0
4666,29.0,74.25
4667,22.5,81.75
4668,33.5,74.0
4669,19.25,76.0
4670,20.75,80.0
4671,29.0,73.25
4672,24.25,83.5
4673,25.75,73.75
4674,21.25,79.0
4675,27.5,97.5
4676,28.0,79.5
4677,27.5,74.75
4678,25.25,80.0
4679,29.75,77.0
4680,19.25,84.5
4681,32.75,77.75
4682,23.25,93.0
4683,25.5,88.5
4684,33.75,78.5
4685,27.0,81.75
4686,30.25,78.25
4687,24.0,69.75
4688,18.25,80.25
4689,24.5,83.75
4690,14.0,74.5
4691,21.75,73.25
4692,26.0,87.75
4693,26.0,73.0
4694,14.5,79.75
4695,26.5,73.75
4696,12.5,76.0
4697,27.25,74.25
4698,30.5,75.75
4699,23.5,87.75
4700,24.0,75.0
4701,32.0,74.5
4702,24.5,82.5
4703,10.5,78.75
4704,26.25,70.25
4705,33.75,74.5
4706,25.5,84.75
4707,34.0,76.5
4708,36.5,74.75
4709,22.25,85.75
4710,15.5,77.5
4711,18.5,84.0
4712,26.0,78.0
4713,18.5,79.5
4714,15.5,78.5
4715,14.5,78.75
4716,26.75,75.0
4717,30.0,77.0
4718,11.5,78.0
4719,27.0,70.5
4720,27.0,91.0
4721,20.5,78.75
4722,21.75,88.5
4723,20.25,85.0
4724,26.75,84.25
4725,36.0,76.75
4726,29.25,73.75
4727,10.0,76.5
4728,33.5,77.5
4729,26.0,84.5
4730,20.5,75.0
4731,21.75,82.5
4732,27.5,71.0
4733,21.25,69.75
4734,21.0,85.25
4735,23.5,81.75
4736,28.25,72.75
4737,24.5,73.75
4738,22.75,87.0
4739,22.0,75.0
4740,30.5,78.25
4741,22.0,82.25
4742,9.75,78.0
4743,23.5,86.75
4744,16.0,76.5
4745,22.5,79.5
4746,29.25,94.0
4747,23.5,87.5
4748,13.0,76.0
4749,15.0,74.5
4750,27.0,81.25
4751,27.25,69.75
4752,29.25,79.5
4753,28.75,76.25
4754,16.75,81.75
4755,21.75,87.25
4756,23.75,88.0
4757,28.25,74.75
4758,30.75,77.25
4759,24.75,81.75
4760,19.5,72.5
4761,12.5,76.5
4762,26.0,77.25
4763,27.5,78.25
4764,20.75,82.0
4765,27.5,80.25
4766,20.0,76.5
4767,32.75,79.5
4768,11.75,75.5
4769,23.75,81.0
4770,17.0,81.75
4771,11.5,79.5
4772,25.75,70.25
4773,24.0,78.25
4774,27.25,73.5
4775,23.25,86.75
4776,35.75,77.25
4777,14.25,78.5
4778,17.5,76.0
4779,24.75,85.5
4780,22.25,75.5
4781,35.75,76.75
4782,27.0,89.0
4783,19.75,83.5
4784,12.5,92.5
4785,11.5,75.5
4786,23.25,92.75
4787,24.5,74.25
4788,11.25,76.0
4789,20.75,84.5
4790,27.5,82.25
4791,21.0,72.75
4792,23.75,79.25
4793,20.25,77.5
4794,24.0,74.0
4795,23.75,70.5
4796,34.0,78.0
4797,26.25,86.75
4798,27.75,74.5
4799,28.25,97.0
4800,21.75,74.0
4801,36.25,73.75
4802,23.0,78.0
4803,10.25,76.0
4804,33.0,74.25
4805,25.5,71.25
4806,35.75,75.25
4807,9.5,77.5
4808,27.5,92.5
4809,18.75,82.0
4810,24.5,85.0
4811,18.75,77.5
4812,28.5,80.5
4813,15.25,79.5
4814,27.75,72.75
4815,17.75,77.75
4816,18.0,74.5
4817,15.75,80.75
4818,25.25,71.25
4819,25.0,86.75
4820,23.75,83.25
4821,15.0,79.75
4822,26.5,86.25
4823,19.5,77.5
4824,29.0,76.5
4825,17.25,79.75
4826,21.75,87.0
4827,31.75,74.75
4828,14.5,77.5
4829,28.5,78.75
4830,34.5,74.0
4831,19.5,81.0
4832,32.25,75.0
4833,20.25,83.75
4834,35.75,78.25
4835,16.5,80.0
4836,12.75,75.75
4837,22.75,82.75
4838,10.75,76.0
4839,24.25,92.25
4840,22.0,77.75
4841,20.25,76.5
4842,25.5,85.5
4843,24.0,68.5
4844,25.25,92.75
4845,16.0,75.75
4846,26.25,83.5
4847,21.75,84.5
4848,16.75,80.25
4849,31.0,77.75
4850,11.5,76.5
4851,18.0,74.0
4852,31.0,74.75
4853,23.75,83.75
4854,23.25,79.25
4855,30.0,74.25
4856,22.75,77.5
4857,23.75,70.25
4858,23.5,77.0
4859,25.75,81.5
4860,15.25,79.75
4861,20.0,80.5
4862,23.5,85.0
4863,29.5,75.0
4864,28.75,75.25
4865,19.0,78.0
4866,25.5,91.25
4867,23.75,71.75
4868,27.0,69.75
4869,32.25,74.75
4870,11.25,78.25
4871,24.25,75.25
4872,24.5,70.75
4873,26.25,87.5
4874,35.5,78.5
4875,18.5,74.75
4876,27.5,79.0
4877,14.75,80.0
4878,25.25,86.25
4879,28.25,73.0
4880,23.0,82.75
4881,10.25,76.75
4882,34.25,79.5
4883,35.25,78.5
4884,14.75,78.25
4885,26.75,74.75
4886,26.25,93.75
4887,35.75,77.75
4888,21.5,76.5
4889,21.75,81.25
4890,25.5,92.5
4891,17.25,74.25
4892,31.5,79.5
4893,25.0,80.25
4894,23.0,71.5
4895,27.25,80.0
4896,11.25,75.75
4897,24.5,75.75
4898,25.75,94.0
4899,26.5,74.25
4900,24.0,76.75
4901,25.25,86.75
4902,35.25,74.5
4903,22.25,87.5
4904,11.75,79.75
4905,23.25,85.25
4906,11.5,78.25
4907,18.5,77.25
4908,20.5,80.5
4909,33.0,77.0
4910,26.75,81.5
4911,33.5,76.5
4912,24.25,72.25
4913,27.25,81.5
4914,26.25,85.25
4915,28.0,70.0
4916,34.5,79.75
4917,28.5,77.5
4918,22.25,84.25
4919,22.25,70.0
4920,11.0,76.5
4921,26.25,76.75
4922,23.25,74.0
4923,21.25,73.75
4924,36.0,75.5
4925,30.25,76.5
4926,21.5,77.0
4927,35.75,75.0
4928,34.0,73.75
4929,9.25,76.75
4930,23.5,86.5
4931,33.75,76.5
4932,24.75,92.25
4933,21.5,87.0
4934,23.5,87.25
4935,14.75,78.5
4936,20.75,83.0
4937,24.75,92.75
4938,24.25,88.0
4939,23.5,71.75
4940,25.5,91.0
4941,22.75,87.25
4942,22.25,72.5
4943,18.75,73.5
4944,28.75,96.25
4945,26.25,79.0
4946,22.25,88.75
4947,22.25,86.5
4948,15.5,76.75
4949,27.25,93.25
4950,25.25,82.0
4951,32.0,77.25
4952,34.0,74.25
4953,25.75,86.75
4954,16.75,74.75
4955,27.75,80.0
4956,29.5,76.25
4957,21.75,85.25
4958,27.25,79.75
4959,26.25,85.5
4960,21.75,75.25
4961,18.25,76.0
4962,26.5,88.5
4963,25.25,76.5
4964,16.5,80.75
4965,25.5,79.0
4966,26.75,79.0
4967,23.0,73.0
4968,16.5,76.0
4969,24.25,81.25
4970,22.0,80.5
4971,9.25,78.0
4972,22.5,86.25
4973,20.0,81.25
4974,22.5,88.0
4975,24.5,76.75
4976,21.25,74.5
4977,18.25,79.5
4978,26.0,90.25
4979,35.0,73.75
4980,21.25,82.0
4981,25.0,81.0
4982,26.0,77.75
4983,21.0,83.25
4984,36.75,74.5
4985,27.5,88.0
4986,14.5,78.25
4987,18.0,77.75
4988,22.75,87.5
4989,17.25,75.0
4990,24.0,83.75
4991,21.5,70.0
4992,23.0,83.25
4993,18.5,79.25
4994,26.75,91.25
4995,30.75,77.0
4996,25.5,71.75
4997,27.5,92.75
4998,13.25,76.75
4999,16.25,76.0
5000,15.75,79.25
5001,28.25,80.5
5002,23.75,83.5
5003,29.25,75.75
5004,26.5,81.75
5005,25.75,84.0
5006,30.25,77.25
5007,14.25,77.25
5008,16.75,78.75
5009,23.75,75.5
5010,19.0,79.25
5011,26.5,76.75
5012,35.0,75.75
5013,17.5,76.75
5014,19.75,75.75
5015,11.25,78.75
5016,17.25,79.5
5017,18.5,77.5
